{"resourceType":"ImplementationGuide","id":"careconnect-messaging-r4","text":{"status":"generated","div":"<div xmlns=\"http://www.w3.org/1999/xhtml\"><h2>Care Connect Messaging</h2><p>The official URL for this implementation guide is: </p><pre>https://project-wildfyre.github.io/careconnect-messaging-r4/ImplementationGuide/careconnect-messaging-r4</pre><div><p>Demonstration of Care Connect STU3 Implementation Guide to support Messaging</p>\n</div></div>"},"url":"https://project-wildfyre.github.io/careconnect-messaging-r4/ImplementationGuide/careconnect-messaging-r4","version":"4.0.0","name":"Care Connect Messaging","status":"draft","experimental":false,"date":"2020-04-30T09:14:36+01:00","publisher":"gmdigitialplatforms.nhs.uk","contact":[{"telecom":[{"system":"email","value":"mailto:kevin.mayfield1@nhs.net"}]}],"description":"Demonstration of Care Connect STU3 Implementation Guide to support Messaging","jurisdiction":[{"coding":[{"system":"http://unstats.un.org/unsd/methods/m49/m49.htm","code":"826"}]}],"packageId":"careconnect.messaging.r4","license":"CC0-1.0","fhirVersion":["4.0.1"],"dependsOn":[{"uri":"https://project-wildfyre.github.io/uk-testcore-r4/ImplementationGuide/uk.testcore.r4","packageId":"uk.testcore.r4","version":"dev"}],"definition":{"extension":[{"extension":[{"url":"code","valueString":"copyrightyear"},{"url":"value","valueString":"2020+"}],"url":"http://hl7.org/fhir/tools/StructureDefinition/ig-parameter"},{"extension":[{"url":"code","valueString":"releaselabel"},{"url":"value","valueString":"CI Build"}],"url":"http://hl7.org/fhir/tools/StructureDefinition/ig-parameter"},{"extension":[{"url":"code","valueString":"autoload-resources"},{"url":"value","valueString":"true"}],"url":"http://hl7.org/fhir/tools/StructureDefinition/ig-parameter"},{"extension":[{"url":"code","valueString":"path-liquid"},{"url":"value","valueString":"template/liquid"}],"url":"http://hl7.org/fhir/tools/StructureDefinition/ig-parameter"},{"extension":[{"url":"code","valueString":"path-liquid"},{"url":"value","valueString":"input/liquid"}],"url":"http://hl7.org/fhir/tools/StructureDefinition/ig-parameter"},{"extension":[{"url":"code","valueString":"path-qa"},{"url":"value","valueString":"temp/qa"}],"url":"http://hl7.org/fhir/tools/StructureDefinition/ig-parameter"},{"extension":[{"url":"code","valueString":"path-temp"},{"url":"value","valueString":"temp/pages"}],"url":"http://hl7.org/fhir/tools/StructureDefinition/ig-parameter"},{"extension":[{"url":"code","valueString":"path-output"},{"url":"value","valueString":"output"}],"url":"http://hl7.org/fhir/tools/StructureDefinition/ig-parameter"},{"extension":[{"url":"code","valueString":"path-suppressed-warnings"},{"url":"value","valueString":"input/ignoreWarnings.txt"}],"url":"http://hl7.org/fhir/tools/StructureDefinition/ig-parameter"},{"extension":[{"url":"code","valueString":"path-history"},{"url":"value","valueString":"https://project-wildfyre.github.io/careconnect-messaging-r4/history.html"}],"url":"http://hl7.org/fhir/tools/StructureDefinition/ig-parameter"},{"extension":[{"url":"code","valueString":"template-html"},{"url":"value","valueString":"template-page.html"}],"url":"http://hl7.org/fhir/tools/StructureDefinition/ig-parameter"},{"extension":[{"url":"code","valueString":"template-md"},{"url":"value","valueString":"template-page-md.html"}],"url":"http://hl7.org/fhir/tools/StructureDefinition/ig-parameter"},{"extension":[{"url":"code","valueString":"apply-contact"},{"url":"value","valueString":"true"}],"url":"http://hl7.org/fhir/tools/StructureDefinition/ig-parameter"},{"extension":[{"url":"code","valueString":"apply-context"},{"url":"value","valueString":"true"}],"url":"http://hl7.org/fhir/tools/StructureDefinition/ig-parameter"},{"extension":[{"url":"code","valueString":"apply-copyright"},{"url":"value","valueString":"true"}],"url":"http://hl7.org/fhir/tools/StructureDefinition/ig-parameter"},{"extension":[{"url":"code","valueString":"apply-jurisdiction"},{"url":"value","valueString":"true"}],"url":"http://hl7.org/fhir/tools/StructureDefinition/ig-parameter"},{"extension":[{"url":"code","valueString":"apply-license"},{"url":"value","valueString":"true"}],"url":"http://hl7.org/fhir/tools/StructureDefinition/ig-parameter"},{"extension":[{"url":"code","valueString":"apply-publisher"},{"url":"value","valueString":"true"}],"url":"http://hl7.org/fhir/tools/StructureDefinition/ig-parameter"},{"extension":[{"url":"code","valueString":"apply-version"},{"url":"value","valueString":"true"}],"url":"http://hl7.org/fhir/tools/StructureDefinition/ig-parameter"},{"extension":[{"url":"code","valueString":"active-tables"},{"url":"value","valueString":"true"}],"url":"http://hl7.org/fhir/tools/StructureDefinition/ig-parameter"}],"grouping":[{"id":"_dyn_capabilitystatement","name":"Behavior: Capability Statements","description":"The following artifacts define the specific capabilities that different types of systems are expected to have in order to comply with this implementation guide.  Systems complying with the implementation guide are expected to declare conformance to one or more of the following capability statements."},{"id":"_dyn_messagedefinition","name":"Behavior: Message Definitions","description":"These define the types of messages that can be sent and/or received by systems complying with this implementation guide"},{"id":"_term_codesystem","name":"Terminology: Code Systems","description":"These define new code systems used by systems conforming with this implementation guide"},{"id":"_ex_example","name":"Example: Example Instances","description":"These are example instances that show what data produced and consumed by systems conforming with this implementation guide might look like"}],"resource":[{"extension":[{"url":"http://hl7.org/fhir/StructureDefinition/implementationguide-page","valueUri":"Bundle-notification-admit.html"}],"reference":{"reference":"Bundle/notification-admit"},"name":"notification-admit","description":"Notifiation Admission FHIR Message - Admit a patient","exampleBoolean":true,"groupingId":"_ex_example"},{"extension":[{"url":"http://hl7.org/fhir/StructureDefinition/implementationguide-page","valueUri":"Bundle-notification-discharge.html"}],"reference":{"reference":"Bundle/notification-discharge"},"name":"Notification Discharge FHIR Message","description":"Notification Discharge FHIR Message - Discharge a patient","exampleBoolean":true,"groupingId":"_ex_example"},{"extension":[{"url":"http://hl7.org/fhir/StructureDefinition/implementationguide-page","valueUri":"Bundle-patient-create.html"}],"reference":{"reference":"Bundle/patient-create"},"name":"Patient Create FHIR Message","description":"Patient Create FHIR Message - Add person information","exampleBoolean":true,"groupingId":"_ex_example"},{"extension":[{"url":"http://hl7.org/fhir/StructureDefinition/implementationguide-page","valueUri":"MessageDefinition-notification-admit.html"}],"reference":{"reference":"MessageDefinition/notification-admit"},"name":"Notitification Admission","description":"Admission Notification - care provision started. FHIR equivalent of HL7v2 ADT^A01","groupingId":"_dyn_messagedefinition"},{"extension":[{"url":"http://hl7.org/fhir/StructureDefinition/implementationguide-page","valueUri":"MessageDefinition-notification-discharge.html"}],"reference":{"reference":"MessageDefinition/notification-discharge"},"name":"Notitification Discharge","description":"Discharge Notification - patient handed over. FHIR equivalent of HL7v2 ADT^A03","groupingId":"_dyn_messagedefinition"},{"extension":[{"url":"http://hl7.org/fhir/StructureDefinition/implementationguide-page","valueUri":"Bundle-news2-report.html"}],"reference":{"reference":"Bundle/news2-report"},"name":"NEWS2 Diagnostic Report FHIR Message Example","description":"NEWS2 Diagnostic Report FHIR Message Example","exampleBoolean":true,"groupingId":"_ex_example"},{"extension":[{"url":"http://hl7.org/fhir/StructureDefinition/implementationguide-page","valueUri":"CapabilityStatement-diagnostic-messaging.html"}],"reference":{"reference":"CapabilityStatement/diagnostic-messaging"},"name":"Server conformance for Diagnostic Message Handling","description":"Server conformance for Diagnostic Message Handling","groupingId":"_dyn_capabilitystatement"},{"extension":[{"url":"http://hl7.org/fhir/StructureDefinition/implementationguide-page","valueUri":"CapabilityStatement-encounter-messaging.html"}],"reference":{"reference":"CapabilityStatement/encounter-messaging"},"name":"Server conformance for Encounter Message Handling","description":"Server conformance for Encounter Message Handling","groupingId":"_dyn_capabilitystatement"},{"extension":[{"url":"http://hl7.org/fhir/StructureDefinition/implementationguide-page","valueUri":"CodeSystem-message-events.html"}],"reference":{"reference":"CodeSystem/message-events"},"name":"Messaging Events","description":"NHS Greater Manchester Messaging Events","groupingId":"_term_codesystem"},{"extension":[{"url":"http://hl7.org/fhir/StructureDefinition/implementationguide-page","valueUri":"MessageDefinition-unsolicited-observation.html"}],"reference":{"reference":"MessageDefinition/unsolicited-observation"},"name":"Diagnostic Messaging","description":"Unsolicited transmission of an observation message. FHIR equivalent of HL7v2 ORU^R01","groupingId":"_dyn_messagedefinition"},{"extension":[{"url":"http://hl7.org/fhir/StructureDefinition/implementationguide-page","valueUri":"MessageDefinition-patient-create.html"}],"reference":{"reference":"MessageDefinition/patient-create"},"name":"Patient Create","description":"Patient Create. FHIR equivalent of HL7v2 ADT^A28","groupingId":"_dyn_messagedefinition"}],"page":{"nameUrl":"toc.html","title":"Table of Contents","generation":"html","page":[{"nameUrl":"index.html","title":"Care Connect Messaging","generation":"markdown"},{"nameUrl":"hl7v2tofhir.html","title":"HL7v2 to FHIR Conversion","generation":"markdown"},{"nameUrl":"adt.html","title":"HL7 v2 and FHIR Admission, Discharge and Transfers","generation":"markdown"},{"nameUrl":"diagnostics.html","title":"Diagnostic Reports","generation":"markdown"},{"nameUrl":"messagedefinitions.html","title":"Message Definitions","generation":"markdown"},{"nameUrl":"examples.html","title":"Examples","generation":"markdown"},{"nameUrl":"graphdefinitions.html","title":"Graph Definitions","generation":"markdown"},{"nameUrl":"downloads.html","title":"Useful Downloads","generation":"markdown"},{"nameUrl":"changes.html","title":"IG Change History","generation":"markdown"},{"nameUrl":"artifacts.html","title":"Artifacts Summary","generation":"html","page":[{"nameUrl":"CapabilityStatement-diagnostic-messaging.html","title":"Server conformance for Diagnostic Message Handling","generation":"generated"},{"nameUrl":"CapabilityStatement-encounter-messaging.html","title":"Server conformance for Encounter Message Handling","generation":"generated"},{"nameUrl":"MessageDefinition-notification-admit.html","title":"Notitification Admission","generation":"generated"},{"nameUrl":"MessageDefinition-notification-discharge.html","title":"Notitification Discharge","generation":"generated"},{"nameUrl":"MessageDefinition-unsolicited-observation.html","title":"Diagnostic Messaging","generation":"generated"},{"nameUrl":"MessageDefinition-patient-create.html","title":"Patient Create","generation":"generated"},{"nameUrl":"CodeSystem-message-events.html","title":"Messaging Events","generation":"generated"},{"nameUrl":"Bundle-notification-admit.html","title":"notification-admit","generation":"generated"},{"nameUrl":"Bundle-notification-discharge.html","title":"Notification Discharge FHIR Message","generation":"generated"},{"nameUrl":"Bundle-patient-create.html","title":"Patient Create FHIR Message","generation":"generated"},{"nameUrl":"Bundle-news2-report.html","title":"NEWS2 Diagnostic Report FHIR Message Example","generation":"generated"}]}]},"parameter":[{"code":"path-resource","value":"input/capabilities"},{"code":"path-resource","value":"input/examples"},{"code":"path-resource","value":"input/extensions"},{"code":"path-resource","value":"input/models"},{"code":"path-resource","value":"input/operations"},{"code":"path-resource","value":"input/profiles"},{"code":"path-resource","value":"input/resources"},{"code":"path-resource","value":"input/vocabulary"},{"code":"path-resource","value":"input/maps"},{"code":"path-resource","value":"input/testing"},{"code":"path-pages","value":"template/config"},{"code":"path-pages","value":"input/images"},{"code":"path-tx-cache","value":"input-cache/txcache"}]}}