{"resourceType":"MessageDefinition","id":"prescription-order","url":"https://fhir.nhs.uk/R4/MessageDefinition/prescription-order","identifier":[{"system":"https://tools.ietf.org/html/rfc4122","value":"c81b88dc-760e-4b1e-9cdb-c5f853630664"}],"version":"4.0.0","title":"Pharmacy/Treatment Order","status":"active","date":"2020-05-27","publisher":"gmdigitialplatforms.nhs.uk","contact":[{"telecom":[{"system":"email","value":"mailto:kevin.mayfield1@nhs.net"}]}],"jurisdiction":[{"coding":[{"system":"http://unstats.un.org/unsd/methods/m49/m49.htm","code":"826"}]}],"eventCoding":{"system":"https://fhir.nhs.uk/R4/CodeSystem/message-event","code":"prescription-order","display":"Prescription Order"},"category":"consequence","focus":[{"code":"MessageHeader","profile":"https://fhir.nhs.uk/R4/StructureDefinition/Spine-MessageHeader","min":1,"max":"1"},{"code":"MedicationRequest","profile":"https://fhir.nhs.uk/R4/StructureDefinition/DM-MedicationRequest","min":1,"max":"4"},{"code":"Patient","profile":"https://fhir.nhs.uk/R4/StructureDefinition/DM-Patient","min":1,"max":"1"},{"code":"Provenance","min":0,"max":"1"},{"code":"Practitioner","profile":"https://fhir.nhs.uk/R4/StructureDefinition/Spine-Practitioner","min":1,"max":"*"},{"code":"PractitionerRole","profile":"https://fhir.nhs.uk/R4/StructureDefinition/Spine-PractitionerRole","min":1,"max":"*"},{"code":"Organization","profile":"https://fhir.nhs.uk/R4/StructureDefinition/Spine-Organization","min":1,"max":"*"}]}