{"resourceType":"MessageDefinition","id":"patient-referral","url":"https://project-wildfyre.github.io/careconnect-messaging-r4/MessageDefinition/patient-referral","identifier":[{"system":"https://tools.ietf.org/html/rfc4122","value":"c81b88dc-760e-4b1e-9cdb-c5f853630664"}],"version":"4.0.0","name":"Patient Referral","title":"Patient Referral","status":"active","date":"2019-08-22T12:49:51+01:00","publisher":"mayfield-is.co.uk","contact":[{"telecom":[{"system":"email","value":"kevin.mayfield@mayfield-is.co.uk"}]}],"jurisdiction":[{"coding":[{"system":"http://unstats.un.org/unsd/methods/m49/m49.htm","code":"826"}]}],"copyright":"Copyright © 2020 XYZ","category":"notification","focus":[{"code":"ServiceRequest","profile":"https://fhir.nhs.uk/R4/StructureDefinition/UKCore-ServiceRequest","min":1,"max":"1"}],"graph":["https://project-wildfyre.github.io/careconnect-messaging-r4/GraphDefinition-patient-referral-message"]}