{"resourceType":"MessageDefinition","id":"patient-create","url":"https://project-wildfyre.github.io/careconnect-messaging-r4/MessageDefinition/patient-create","identifier":[{"system":"https://tools.ietf.org/html/rfc4122","value":"c81b88dc-760e-4b1e-9cdb-c5f853630664"}],"version":"4.0.0","title":"Patient Create","status":"active","date":"2020-07-08T15:03:26+01:00","publisher":"gmdigitialplatforms.nhs.uk","contact":[{"telecom":[{"system":"email","value":"mailto:kevin.mayfield1@nhs.net"}]}],"jurisdiction":[{"coding":[{"system":"http://unstats.un.org/unsd/methods/m49/m49.htm","code":"826"}]}],"eventCoding":{"system":"https://project-wildfyre.github.io/careconnect-messaging-r4/CodeSystem/message-events","code":"patient-create","display":"Patient Create"},"category":"notification","focus":[{"code":"Patient","profile":"https://fhir.nhs.uk/R4/StructureDefinition/UKCore-Patient","min":1,"max":"1"}]}