{"resourceType":"MessageDefinition","id":"unsolicited-observation","url":"https://project-wildfyre.github.io/careconnect-messaging-r4/MessageDefinition/unsolicited-observation","version":"4.0.0","title":"Unsolicited Observation Message","status":"active","date":"2020-07-08T15:03:26+01:00","publisher":"gmdigitialplatforms.nhs.uk","contact":[{"telecom":[{"system":"email","value":"mailto:kevin.mayfield1@nhs.net"}]}],"jurisdiction":[{"coding":[{"system":"http://unstats.un.org/unsd/methods/m49/m49.htm","code":"826"}]}],"eventCoding":{"system":"https://project-wildfyre.github.io/careconnect-messaging-r4/CodeSystem/message-events","code":"unsolicited-observation","display":"Unsolicited Observation Message"},"category":"notification","focus":[{"code":"DiagnosticReport","profile":"https://fhir.nhs.uk/R4/StructureDefinition/UKCore-DiagnosticReport","min":1,"max":"1"}]}