{"resourceType":"MessageDefinition","id":"unsolicited-observation-message","url":"https://project-wildfyre.github.io/careconnect-messaging-r4/MessageDefinition/unsolicited-observation-message","version":"4.0.0","title":"Unsolicited Observation Message","status":"active","date":"2019-08-22T12:49:51+01:00","publisher":"gmdigitialplatforms.nhs.uk","contact":[{"telecom":[{"system":"email","value":"mailto:kevin.mayfield1@nhs.net"}]}],"jurisdiction":[{"coding":[{"system":"http://unstats.un.org/unsd/methods/m49/m49.htm","code":"826"}]}],"copyright":"Copyright © 2020 Greater Manchester NHS","eventCoding":{"system":"https://project-wildfyre.github.io/careconnect-messaging-r4/CodeSystem/message-events","code":"unsolicited-observation-message","display":"Unsolicited Observation Message"},"category":"notification","focus":[{"code":"DiagnosticReport","profile":"https://fhir.nhs.uk/R4/StructureDefinition/UKCore-DiagnosticReport","min":1,"max":"1"}]}