{"resourceType":"ValueSet","id":"vs-openehr-presence","text":{"status":"generated","div":"<div xmlns=\"http://www.w3.org/1999/xhtml\"><h2>All openEHR presence codes</h2><div><p>A value set that includes all presence codes</p>\n</div><p>This value set includes codes from the following code systems:</p><ul><li>Include all codes defined in <a href=\"CodeSystem-openehr-presence.html\"><code>https://project-wildfyre.github.io/careconnect-messaging-r4/CodeSystem/openehr-presence</code></a></li></ul></div>"},"url":"https://project-wildfyre.github.io/careconnect-messaging-r4/ValueSet/vs-openehr-presence","version":"4.0.0","name":"All openEHR presence codes","status":"active","date":"2020-03-11T00:00:00+00:00","publisher":"mayfield-is.co.uk","contact":[{"telecom":[{"system":"email","value":"mailto:kevin.mayfield1@nhs.net"}]}],"description":"A value set that includes all presence codes","jurisdiction":[{"coding":[{"system":"http://unstats.un.org/unsd/methods/m49/m49.htm","code":"826"}]}],"compose":{"include":[{"system":"https://project-wildfyre.github.io/careconnect-messaging-r4/CodeSystem/openehr-presence"}]}}