<?xml version="1.0" encoding="UTF-8"?>

<Bundle xmlns="http://hl7.org/fhir">
  <id value="orur01"/>
  <identifier>
    <value value="3629"/>
  </identifier>
  <type value="message"/>
  <entry>
    <fullUrl value="urn:oid:84483699-723c-415e-9daa-95bdf7fea3ad"/>
    <resource>
      <MessageHeader>
        <id value="84483699-723c-415e-9daa-95bdf7fea3ad"/>
        <text>
          <status value="generated"/><div xmlns="http://www.w3.org/1999/xhtml"><p><b>Generated Narrative with Details</b></p><p><b>id</b>: 84483699-723c-415e-9daa-95bdf7fea3ad</p><p><b>event</b>: ORU^R01 (Details: [not stated] code ORU^R01 = 'ORU^R01', stated as 'ORU^R01')</p><h3>Destinations</h3><table class="grid"><tr><td>-</td><td><b>Name</b></td></tr><tr><td>*</td><td>LIS</td></tr></table><p><b>sender</b>: LCA</p><p><b>timestamp</b>: 31-Jul-1998 15:32:00</p><p><b>focus</b>: </p><ul><li><a href="urn:oid:039e5ed2-da83-46b1-bcaa-e07220122071">urn:oid:039e5ed2-da83-46b1-bcaa-e07220122071</a></li><li><a href="urn:oid:b7ef0d3b-d797-4a8d-8cd7-2643537ee2d8">urn:oid:b7ef0d3b-d797-4a8d-8cd7-2643537ee2d8</a></li></ul></div>
        </text>
        <event>
          <code value="ORU^R01"/>
          <display value="ORU^R01"/>
        </event>
        <destination>
          <name value="LIS"/>
        </destination>
        <sender>
          <identifier>
            <system value="https://fhir.nhs.uk/Id/ods-organization-code"/>
            <value value="LCA"/>
          </identifier>
          <display value="LCA"/>
        </sender>
        <timestamp value="1998-07-31T15:32:00.000+01:00"/>
        <focus>
          <reference value="urn:oid:039e5ed2-da83-46b1-bcaa-e07220122071"/>
        </focus>
        <focus>
          <reference value="urn:oid:b7ef0d3b-d797-4a8d-8cd7-2643537ee2d8"/>
        </focus>
      </MessageHeader>
    </resource>
  </entry>
  <entry>
    <fullUrl value="urn:oid:039e5ed2-da83-46b1-bcaa-e07220122071"/>
    <resource>
      <DiagnosticReport>
        <id value="039e5ed2-da83-46b1-bcaa-e07220122071"/>
        <text>
          <status value="generated"/><div xmlns="http://www.w3.org/1999/xhtml"><p><b>Generated Narrative with Details</b></p><p><b>id</b>: 039e5ed2-da83-46b1-bcaa-e07220122071</p><p><b>code</b>: 008342 <span style="background: LightGoldenRodYellow">(Details : {[not stated] code '008342' = '008342)</span></p><p><b>subject</b>: <a href="urn:oid:f5f98b12-9b34-402c-a01c-3a446bf2447b">urn:oid:f5f98b12-9b34-402c-a01c-3a446bf2447b</a></p><p><b>effective</b>: 27-Jul-1998 17:58:00 --&gt; (ongoing)</p><p><b>result</b>: <a href="urn:oid:a39e07de-6eb8-4557-af8c-6d43c8f3ab7a">urn:oid:a39e07de-6eb8-4557-af8c-6d43c8f3ab7a</a></p></div>
        </text>
        <code>
          <coding>
            <code value="008342"/>
          </coding>
        </code>
        <subject>
          <reference value="urn:oid:f5f98b12-9b34-402c-a01c-3a446bf2447b"/>
        </subject>
        <effectivePeriod>
          <start value="1998-07-27T17:58:00+01:00"/>
        </effectivePeriod>
        <result>
          <reference value="urn:oid:a39e07de-6eb8-4557-af8c-6d43c8f3ab7a"/>
        </result>
      </DiagnosticReport>
    </resource>
  </entry>
  <entry>
    <fullUrl value="urn:oid:a39e07de-6eb8-4557-af8c-6d43c8f3ab7a"/>
    <resource>
      <Observation>
        <id value="a39e07de-6eb8-4557-af8c-6d43c8f3ab7a"/>
        <text>
          <status value="generated"/><div xmlns="http://www.w3.org/1999/xhtml"><p><b>Generated Narrative with Details</b></p><p><b>id</b>: a39e07de-6eb8-4557-af8c-6d43c8f3ab7a</p><p><b>status</b>: final</p><p><b>code</b>: UPPER RESPIRATORY CULTURE <span style="background: LightGoldenRodYellow">(Details : {[not stated] code '008342' = '008342', given as 'UPPER RESPIRATORY CULTURE'})</span></p><p><b>subject</b>: <a href="urn:oid:f5f98b12-9b34-402c-a01c-3a446bf2447b">urn:oid:f5f98b12-9b34-402c-a01c-3a446bf2447b</a></p><p><b>effective</b>: 27-Jul-1998 17:58:00 --&gt; (ongoing)</p><p><b>value</b>: FINALREPORT</p><p><b>comment</b>:  /r</p></div>
        </text>
        <status value="final"/>
        <code>
          <coding>
            <code value="008342"/>
            <display value="UPPER RESPIRATORY CULTURE"/>
          </coding>
        </code>
        <subject>
          <reference value="urn:oid:f5f98b12-9b34-402c-a01c-3a446bf2447b"/>
        </subject>
        <effectivePeriod>
          <start value="1998-07-27T17:58:00+01:00"/>
        </effectivePeriod>
        <valueString value="FINALREPORT"/>
        <comment value=" /r"/>
      </Observation>
    </resource>
  </entry>
  <entry>
    <fullUrl value="urn:oid:b7ef0d3b-d797-4a8d-8cd7-2643537ee2d8"/>
    <resource>
      <DiagnosticReport>
        <id value="b7ef0d3b-d797-4a8d-8cd7-2643537ee2d8"/>
        <text>
          <status value="generated"/><div xmlns="http://www.w3.org/1999/xhtml"><p><b>Generated Narrative with Details</b></p><p><b>id</b>: b7ef0d3b-d797-4a8d-8cd7-2643537ee2d8</p><p><b>code</b>: 997602 <span style="background: LightGoldenRodYellow">(Details : {[not stated] code '997602' = '997602)</span></p><p><b>subject</b>: <a href="urn:oid:f5f98b12-9b34-402c-a01c-3a446bf2447b">urn:oid:f5f98b12-9b34-402c-a01c-3a446bf2447b</a></p><p><b>effective</b>: 27-Jul-1998 17:58:00 --&gt; (ongoing)</p><p><b>result</b>: </p><ul><li><a href="urn:oid:3d3bfd89-2a56-4495-8d5f-b1b844c0596e">urn:oid:3d3bfd89-2a56-4495-8d5f-b1b844c0596e</a></li><li><a href="urn:oid:a2f30382-2191-4a83-8082-f3fdc4e1afe8">urn:oid:a2f30382-2191-4a83-8082-f3fdc4e1afe8</a></li></ul></div>
        </text>
        <code>
          <coding>
            <code value="997602"/>
          </coding>
        </code>
        <subject>
          <reference value="urn:oid:f5f98b12-9b34-402c-a01c-3a446bf2447b"/>
        </subject>
        <effectivePeriod>
          <start value="1998-07-27T17:58:00+01:00"/>
        </effectivePeriod>
        <result>
          <reference value="urn:oid:3d3bfd89-2a56-4495-8d5f-b1b844c0596e"/>
        </result>
        <result>
          <reference value="urn:oid:a2f30382-2191-4a83-8082-f3fdc4e1afe8"/>
        </result>
      </DiagnosticReport>
    </resource>
  </entry>
  <entry>
    <fullUrl value="urn:oid:3d3bfd89-2a56-4495-8d5f-b1b844c0596e"/>
    <resource>
      <Observation>
        <id value="3d3bfd89-2a56-4495-8d5f-b1b844c0596e"/>
        <text>
          <status value="generated"/><div xmlns="http://www.w3.org/1999/xhtml"><p><b>Generated Narrative with Details</b></p><p><b>id</b>: 3d3bfd89-2a56-4495-8d5f-b1b844c0596e</p><p><b>status</b>: final</p><p><b>code</b>: RESULT 1 <span style="background: LightGoldenRodYellow">(Details : {[not stated] code '997231' = '997231', given as 'RESULT 1'})</span></p><p><b>subject</b>: <a href="urn:oid:f5f98b12-9b34-402c-a01c-3a446bf2447b">urn:oid:f5f98b12-9b34-402c-a01c-3a446bf2447b</a></p><p><b>effective</b>: 27-Jul-1998 17:58:00 --&gt; (ongoing)</p><p><b>value</b>: M415 <span style="background: LightGoldenRodYellow">(Details : {[not stated] code 'M415' = 'M415)</span></p><p><b>comment</b>: MORAXELLA (BRANHAMELLA) CATARRHALIS /r HEAVY GROWTH /r BETA LACTAMASE POSITIVE /r</p></div>
        </text>
        <status value="final"/>
        <code>
          <coding>
            <code value="997231"/>
            <display value="RESULT 1"/>
          </coding>
        </code>
        <subject>
          <reference value="urn:oid:f5f98b12-9b34-402c-a01c-3a446bf2447b"/>
        </subject>
        <effectivePeriod>
          <start value="1998-07-27T17:58:00+01:00"/>
        </effectivePeriod>
        <valueCodeableConcept>
          <coding>
            <code value="M415"/>
          </coding>
        </valueCodeableConcept>
        <comment value="MORAXELLA (BRANHAMELLA) CATARRHALIS /r HEAVY GROWTH /r BETA LACTAMASE POSITIVE /r"/>
      </Observation>
    </resource>
  </entry>
  <entry>
    <fullUrl value="urn:oid:a2f30382-2191-4a83-8082-f3fdc4e1afe8"/>
    <resource>
      <Observation>
        <id value="a2f30382-2191-4a83-8082-f3fdc4e1afe8"/>
        <text>
          <status value="generated"/><div xmlns="http://www.w3.org/1999/xhtml"><p><b>Generated Narrative with Details</b></p><p><b>id</b>: a2f30382-2191-4a83-8082-f3fdc4e1afe8</p><p><b>status</b>: final</p><p><b>code</b>: RESULT 2 <span style="background: LightGoldenRodYellow">(Details : {[not stated] code '997232' = '997232', given as 'RESULT 2'})</span></p><p><b>subject</b>: <a href="urn:oid:f5f98b12-9b34-402c-a01c-3a446bf2447b">urn:oid:f5f98b12-9b34-402c-a01c-3a446bf2447b</a></p><p><b>effective</b>: 27-Jul-1998 17:58:00 --&gt; (ongoing)</p><p><b>value</b>: MR105 <span style="background: LightGoldenRodYellow">(Details : {[not stated] code 'MR105' = 'MR105)</span></p><p><b>comment</b>: ROUTINE RESPIRATORY FLORA /r</p></div>
        </text>
        <status value="final"/>
        <code>
          <coding>
            <code value="997232"/>
            <display value="RESULT 2"/>
          </coding>
        </code>
        <subject>
          <reference value="urn:oid:f5f98b12-9b34-402c-a01c-3a446bf2447b"/>
        </subject>
        <effectivePeriod>
          <start value="1998-07-27T17:58:00+01:00"/>
        </effectivePeriod>
        <valueCodeableConcept>
          <coding>
            <code value="MR105"/>
          </coding>
        </valueCodeableConcept>
        <comment value="ROUTINE RESPIRATORY FLORA /r"/>
      </Observation>
    </resource>
  </entry>
  <entry>
    <fullUrl value="urn:oid:f5f98b12-9b34-402c-a01c-3a446bf2447b"/>
    <resource>
      <Patient>
        <id value="f5f98b12-9b34-402c-a01c-3a446bf2447b"/>
        <text>
          <status value="generated"/><div xmlns="http://www.w3.org/1999/xhtml"><p><b>Generated Narrative with Details</b></p><p><b>id</b>: f5f98b12-9b34-402c-a01c-3a446bf2447b</p><p><b>identifier</b>: 20809880170</p><p><b>name</b>: TESTPAT 20809880170 </p><p><b>birthDate</b>: 1976-09-24</p><p><b>address</b>: 00000-0000 </p></div>
        </text>
        <identifier>
          <value value="20809880170"/>
        </identifier>
        <name>
          <family value="20809880170"/>
          <given value="TESTPAT"/>
        </name>
        <birthDate value="1976-09-24"/>
        <address>
          <postalCode value="00000-0000"/>
        </address>
      </Patient>
    </resource>
  </entry>
</Bundle>