<?xml version="1.0" encoding="UTF-8"?>

<Bundle xmlns="http://hl7.org/fhir">
  <id value="patient-create"/>
  <identifier>
    <value value="13403891320453338075"/>
  </identifier>
  <type value="message"/>
  <entry>
    <fullUrl value="urn:oid:f3dc4d1d-75c4-453c-8bf0-5769e97aba3e"/>
    <resource>
      <MessageHeader>
        <id value="f3dc4d1d-75c4-453c-8bf0-5769e97aba3e"/>
        <text>
          <status value="generated"/><div xmlns="http://www.w3.org/1999/xhtml"><p><b>Generated Narrative with Details</b></p><p><b>id</b>: f3dc4d1d-75c4-453c-8bf0-5769e97aba3e</p><p><b>event</b>: Patient Create (Details: [not stated] code patient-create = 'patient-create', stated as 'Patient Create')</p><h3>Destinations</h3><table class="grid"><tr><td>-</td><td><b>Name</b></td></tr><tr><td>*</td><td>ROUTE</td></tr></table><p><b>sender</b>: RCB</p><p><b>timestamp</b>: 2 Jan 2010, 12:15:00</p><p><b>focus</b>: <a href="urn:oid:1b1732b7-9941-4a19-ba62-d0b3b3b0a785">urn:oid:1b1732b7-9941-4a19-ba62-d0b3b3b0a785</a></p></div>
        </text>
        <event>
          <code value="patient-create"/>
          <display value="Patient Create"/>
        </event>
        <destination>
          <name value="ROUTE"/>
        </destination>
        <sender>
          <identifier>
            <system value="https://fhir.nhs.uk/Id/ods-organization-code"/>
            <value value="RCB"/>
          </identifier>
          <display value="RCB"/>
        </sender>
        <timestamp value="2010-01-02T12:15:00.000+00:00"/>
        <focus>
          <reference value="urn:oid:1b1732b7-9941-4a19-ba62-d0b3b3b0a785"/>
        </focus>
      </MessageHeader>
    </resource>
  </entry>
  <entry>
    <fullUrl value="urn:oid:1b1732b7-9941-4a19-ba62-d0b3b3b0a785"/>
    <resource>
      <Patient>
        <id value="1b1732b7-9941-4a19-ba62-d0b3b3b0a785"/>
        <text>
          <status value="generated"/><div xmlns="http://www.w3.org/1999/xhtml"><p><b>Generated Narrative with Details</b></p><p><b>id</b>: 1b1732b7-9941-4a19-ba62-d0b3b3b0a785</p><p><b>identifier</b>: 3333333333</p><p><b>name</b>: FREDRICA SMITH </p><p><b>telecom</b>: ph: +441234567890(HOME)</p><p><b>gender</b>: female</p><p><b>birthDate</b>: 1965-11-12</p><p><b>address</b>: MALTON YO32 5TT (HOME)</p><h3>Contacts</h3><table class="grid"><tr><td>-</td><td><b>Name</b></td><td><b>Address</b></td></tr><tr><td>*</td><td>FRANCESCA SMITH </td><td>MALTON YO32 5TT (HOME)</td></tr></table><p><b>generalPractitioner</b>: Dr Gregory Townley</p><p><b>managingOrganization</b>: MALTON GP PRACTICE</p></div>
        </text>
        <identifier>
          <extension url="https://fhir.hl7.org.uk/STU3/StructureDefinition/Extension-CareConnect-NHSNumberVerificationStatus-1">
            <valueCodeableConcept>
              <coding>
                <system value="https://fhir.hl7.org.uk/STU3/CodeSystem/CareConnect-NHSNumberVerificationStatus-1"/>
                <code value="01"/>
              </coding>
            </valueCodeableConcept>
          </extension>
          <system value="https://fhir.nhs.uk/Id/nhs-number"/>
          <value value="3333333333"/>
        </identifier>
        <name>
          <family value="SMITH"/>
          <given value="FREDRICA"/>
          <prefix value="MRS"/>
        </name>
        <telecom>
          <system value="phone"/>
          <value value="+441234567890"/>
          <use value="home"/>
        </telecom>
        <gender value="female"/>
        <birthDate value="1965-11-12"/>
        <address>
          <use value="home"/>
          <city value="MALTON"/>
          <district value="NORTH YORKSHIRE"/>
          <postalCode value="YO32 5TT"/>
        </address>
        <contact>
          <name>
            <family value="SMITH"/>
            <given value="FRANCESCA"/>
            <prefix value="MRS"/>
          </name>
          <address>
            <use value="home"/>
            <city value="MALTON"/>
            <district value="NORTH YORKSHIRE"/>
            <postalCode value="YO32 5TT"/>
          </address>
        </contact>
        <generalPractitioner>
          <identifier>
            <system value="https://fhir.hl7.org.uk/Id/gmc-number"/>
            <value value="G5612908"/>
          </identifier>
          <display value="Dr Gregory Townley"/>
        </generalPractitioner>
        <managingOrganization>
          <identifier>
            <system value="https://fhir.nhs.uk/Id/ods-organization-code"/>
            <value value="Y06601"/>
          </identifier>
          <display value="MALTON GP PRACTICE"/>
        </managingOrganization>
      </Patient>
    </resource>
  </entry>
</Bundle>