<?xml version="1.0" encoding="UTF-8"?>

<Bundle xmlns="http://hl7.org/fhir">
  <id value="notification-admit-transaction"/>
  <identifier>
    <system value="https://fhir.mytrust.nhs.uk/Id/RCB/PAS"/>
    <value value="1391320453338055"/>
  </identifier>
  <type value="transaction"/>
  <entry>
    <fullUrl value="urn:oid:95675fed-25a6-4d75-8351-49707f9d3360"/>
    <resource>
      <MessageHeader>
        <text>
          <status value="generated"/><div xmlns="http://www.w3.org/1999/xhtml"><p><b>Generated Narrative with Details</b></p><p><b>event</b>: notification-admit (Details: [not stated] code notification-admit = 'notification-admit', stated as 'notification-admit')</p><h3>Destinations</h3><table class="grid"><tr><td>-</td><td><b>Name</b></td><td><b>Target</b></td><td><b>Endpoint</b></td></tr><tr><td>*</td><td>ROUTE</td><td>ROUTE</td><td><a href="ROUTE">ROUTE</a></td></tr></table><p><b>sender</b>: RCB</p><h3>Sources</h3><table class="grid"><tr><td>-</td><td><b>Name</b></td><td><b>Endpoint</b></td></tr><tr><td>*</td><td>PAS</td><td><a href="PAS">PAS</a></td></tr></table><p><b>focus</b>: </p><ul><li><a href="urn:oid:506ab3bc-8efa-40bc-a7ad-1643d467eb4f">urn:oid:506ab3bc-8efa-40bc-a7ad-1643d467eb4f</a></li><li><a href="urn:oid:a1cf4e55-a7bb-4867-a2bb-07619a67edd7">urn:oid:a1cf4e55-a7bb-4867-a2bb-07619a67edd7</a></li><li><a href="urn:oid:1af1046d-f398-41d6-8ecc-be8ecf4c9ccd">urn:oid:1af1046d-f398-41d6-8ecc-be8ecf4c9ccd</a></li></ul></div>
        </text>
        <eventCoding>
          <code value="notification-admit"/>
          <display value="notification-admit"/>
        </eventCoding>
        <destination>
          <name value="ROUTE"/>
          <target>
            <display value="ROUTE"/>
          </target>
          <endpoint value="ROUTE"/>
        </destination>
        <sender>
          <identifier>
            <system value="https://fhir.nhs.uk/Id/ods-organization-code"/>
            <value value="RCB"/>
          </identifier>
          <display value="RCB"/>
        </sender>
        <source>
          <name value="PAS"/>
          <endpoint value="PAS"/>
        </source>
        <focus>
          <reference value="urn:oid:506ab3bc-8efa-40bc-a7ad-1643d467eb4f"/>
        </focus>
        <focus>
          <reference value="urn:oid:a1cf4e55-a7bb-4867-a2bb-07619a67edd7"/>
        </focus>
        <focus>
          <reference value="urn:oid:1af1046d-f398-41d6-8ecc-be8ecf4c9ccd"/>
        </focus>
      </MessageHeader>
    </resource>
    <request>
      <method value="POST"/>
      <url value="MessageHeader"/>
    </request>
  </entry>
  <entry>
    <fullUrl value="urn:oid:506ab3bc-8efa-40bc-a7ad-1643d467eb4f"/>
    <resource>
      <Encounter>
        <text>
          <status value="generated"/><div xmlns="http://www.w3.org/1999/xhtml"><p><b>Generated Narrative with Details</b></p><p><b>identifier</b>: 2139</p><p><b>status</b>: in-progress</p><p><b>class</b>: inpatient encounter (Details: http://terminology.hl7.org/CodeSystem/v3-ActCode code IMP = 'inpatient encounter', stated as 'inpatient encounter')</p><p><b>type</b>: 13 <span style="background: LightGoldenRodYellow">(Details : {https://fhir.nhs.uk/R4/CodeSystem/UKCore-AdmissionMethod code '13' = '13)</span>, 300 <span style="background: LightGoldenRodYellow">(Details : {https://fhir.nhs.uk/STU3/CodeSystem/DCH-Specialty-1 code '300' = '300)</span></p><p><b>subject</b>: <a href="urn:oid:29703a7e-238a-4510-a249-ec68ffc8d69c">urn:oid:29703a7e-238a-4510-a249-ec68ffc8d69c</a></p><blockquote><p><b>participant</b></p><p><b>type</b>: attender <span style="background: LightGoldenRodYellow">(Details : {http://terminology.hl7.org/CodeSystem/v3-ParticipationType code 'ATND' = 'attender', given as 'attender'})</span></p><p><b>individual</b>: Dr Samuel Darwin</p></blockquote><blockquote><p><b>participant</b></p><p><b>type</b>: consultant <span style="background: LightGoldenRodYellow">(Details : {http://terminology.hl7.org/CodeSystem/v3-ParticipationType code 'CON' = 'consultant', given as 'consultant'})</span></p><p><b>individual</b>: Dr Samuel Darwin</p></blockquote><blockquote><p><b>participant</b></p><p><b>type</b>: referrer <span style="background: LightGoldenRodYellow">(Details : {http://terminology.hl7.org/CodeSystem/v3-ParticipationType code 'REF' = 'referrer', given as 'referrer'})</span></p><p><b>individual</b>: Dr Gregory Townley</p></blockquote><p><b>period</b>: 20 Oct 2010, 17:16:00 --&gt; (ongoing)</p><h3>Hospitalizations</h3><table class="grid"><tr><td>-</td><td><b>AdmitSource</b></td></tr><tr><td>*</td><td>19 <span style="background: LightGoldenRodYellow">(Details : {https://fhir.nhs.uk/R4/CodeSystem/UKCore-SourceOfAdmission code '19' = '19)</span></td></tr></table><h3>Locations</h3><table class="grid"><tr><td>-</td><td><b>Location</b></td><td><b>Status</b></td></tr><tr><td>*</td><td><a href="urn:oid:dadd1c2a-e09e-4b86-b3e3-81da2d3ac5ef">OBS1</a></td><td>active</td></tr></table></div>
        </text>
        <identifier>
          <system value="http://terminology.hl7.org/CodeSystem/v2-0203"/>
          <value value="2139"/>
        </identifier>
        <status value="in-progress"/>
        <class>
          <system value="http://terminology.hl7.org/CodeSystem/v3-ActCode"/>
          <code value="IMP"/>
          <display value="inpatient encounter"/>
        </class>
        <type>
          <coding>
            <system value="https://fhir.nhs.uk/R4/CodeSystem/UKCore-AdmissionMethod"/>
            <code value="13"/>
          </coding>
        </type>
        <type>
          <coding>
            <system value="https://fhir.nhs.uk/STU3/CodeSystem/DCH-Specialty-1"/>
            <code value="300"/>
          </coding>
        </type>
        <subject>
          <reference value="urn:oid:29703a7e-238a-4510-a249-ec68ffc8d69c"/>
        </subject>
        <participant>
          <type>
            <coding>
              <system value="http://terminology.hl7.org/CodeSystem/v3-ParticipationType"/>
              <code value="ATND"/>
              <display value="attender"/>
            </coding>
          </type>
          <individual>
            <identifier>
              <system value="https://fhir.hl7.org.uk/Id/gmc-number"/>
              <value value="C3456789"/>
            </identifier>
            <display value="Dr Samuel Darwin"/>
          </individual>
        </participant>
        <participant>
          <type>
            <coding>
              <system value="http://terminology.hl7.org/CodeSystem/v3-ParticipationType"/>
              <code value="CON"/>
              <display value="consultant"/>
            </coding>
          </type>
          <individual>
            <identifier>
              <system value="https://fhir.hl7.org.uk/Id/gmc-number"/>
              <value value="C3456789"/>
            </identifier>
            <display value="Dr Samuel Darwin"/>
          </individual>
        </participant>
        <participant>
          <type>
            <coding>
              <system value="http://terminology.hl7.org/CodeSystem/v3-ParticipationType"/>
              <code value="REF"/>
              <display value="referrer"/>
            </coding>
          </type>
          <individual>
            <identifier>
              <system value="https://fhir.hl7.org.uk/Id/gmc-number"/>
              <value value="G5612908"/>
            </identifier>
            <display value="Dr Gregory Townley"/>
          </individual>
        </participant>
        <period>
          <start value="2010-10-20T17:16:00+01:00"/>
        </period>
        <hospitalization>
          <admitSource>
            <coding>
              <system value="https://fhir.nhs.uk/R4/CodeSystem/UKCore-SourceOfAdmission"/>
              <code value="19"/>
            </coding>
          </admitSource>
        </hospitalization>
        <location>
          <location>
            <reference value="urn:oid:dadd1c2a-e09e-4b86-b3e3-81da2d3ac5ef"/>
            <display value="OBS1"/>
          </location>
          <status value="active"/>
        </location>
      </Encounter>
    </resource>
    <request>
      <method value="POST"/>
      <url value="Encounter"/>
      <ifNoneExist value="Encounter?identifier=http://terminology.hl7.org/CodeSystem/v2-0203|2139"/>
    </request>
  </entry>
  <entry>
    <fullUrl value="urn:oid:29703a7e-238a-4510-a249-ec68ffc8d69c"/>
    <resource>
      <Patient>
        <text>
          <status value="generated"/><div xmlns="http://www.w3.org/1999/xhtml"><p><b>Generated Narrative with Details</b></p><p><b>identifier</b>: 3333333333</p><p><b>name</b>: FREDRICA SMITH </p><p><b>telecom</b>: ph: +441234567890(HOME)</p><p><b>gender</b>: female</p><p><b>birthDate</b>: 1965-12-13</p><p><b>address</b>: MALTON YO32 5TT (HOME)</p><h3>Contacts</h3><table class="grid"><tr><td>-</td><td><b>Name</b></td><td><b>Address</b></td></tr><tr><td>*</td><td>ALBERT SMITH </td><td>MALTON YO32 5TT (HOME)</td></tr></table><p><b>generalPractitioner</b>: Dr Gregory Townley</p><p><b>managingOrganization</b>: MALTON GP PRACTICE</p></div>
        </text>
        <identifier>
          <extension url="https://fhir.hl7.org.uk/STU3/StructureDefinition/Extension-CareConnect-NHSNumberVerificationStatus-1">
            <valueCodeableConcept>
              <coding>
                <system value="https://fhir.hl7.org.uk/STU3/CodeSystem/CareConnect-NHSNumberVerificationStatus-1"/>
                <code value="01"/>
              </coding>
            </valueCodeableConcept>
          </extension>
          <system value="https://fhir.nhs.uk/Id/nhs-number"/>
          <value value="3333333333"/>
        </identifier>
        <name>
          <family value="SMITH"/>
          <given value="FREDRICA"/>
          <prefix value="MRS"/>
        </name>
        <telecom>
          <system value="phone"/>
          <value value="+441234567890"/>
          <use value="home"/>
        </telecom>
        <gender value="female"/>
        <birthDate value="1965-12-13"/>
        <address>
          <use value="home"/>
          <city value="MALTON"/>
          <district value="NORTH YORKSHIRE"/>
          <postalCode value="YO32 5TT"/>
        </address>
        <contact>
          <name>
            <family value="SMITH"/>
            <given value="ALBERT"/>
            <prefix value="MR"/>
          </name>
          <address>
            <use value="home"/>
            <city value="MALTON"/>
            <district value="NORTH YORKSHIRE"/>
            <postalCode value="YO32 5TT"/>
          </address>
        </contact>
        <generalPractitioner>
          <identifier>
            <system value="https://fhir.hl7.org.uk/Id/gmc-number"/>
            <value value="G5612908"/>
          </identifier>
          <display value="Dr Gregory Townley"/>
        </generalPractitioner>
        <managingOrganization>
          <identifier>
            <system value="https://fhir.nhs.uk/Id/ods-organization-code"/>
            <value value="Y06601"/>
          </identifier>
          <display value="MALTON GP PRACTICE"/>
        </managingOrganization>
      </Patient>
    </resource>
    <request>
      <method value="POST"/>
      <url value="Patient"/>
      <ifNoneExist value="Patient?identifier=https://fhir.nhs.uk/Id/nhs-number|3333333333"/>
    </request>
  </entry>
  <entry>
    <fullUrl value="urn:oid:dadd1c2a-e09e-4b86-b3e3-81da2d3ac5ef"/>
    <resource>
      <Location>
        <text>
          <status value="generated"/><div xmlns="http://www.w3.org/1999/xhtml"><p><b>Generated Narrative with Details</b></p><p><b>identifier</b>: OBS1</p><p><b>name</b>: OBS1</p><p><b>managingOrganization</b>: </p><p><b>partOf</b>: </p></div>
        </text>
        <identifier>
          <system value="https://fhir.myepr.co.uk/Id/Ward"/>
          <value value="OBS1"/>
        </identifier>
        <name value="OBS1"/>
        <managingOrganization>
          <identifier>
            <system value="https://fhir.nhs.uk/Id/ods-organization-code"/>
            <value value="RCB"/>
          </identifier>
        </managingOrganization>
        <partOf>
          <identifier>
            <system value="https://fhir.nhs.uk/Id/ods-site-code"/>
            <value value="RCB55"/>
          </identifier>
        </partOf>
      </Location>
    </resource>
    <request>
      <method value="POST"/>
      <url value="Location"/>
      <ifNoneExist value="Location?identifier=https://fhir.myepr.co.uk/Id/Ward|OBS1"/>
    </request>
  </entry>
  <entry>
    <fullUrl value="urn:oid:a1cf4e55-a7bb-4867-a2bb-07619a67edd7"/>
    <resource>
      <Condition>
        <text>
          <status value="generated"/><div xmlns="http://www.w3.org/1999/xhtml"><p><b>Generated Narrative with Details</b></p><p><b>identifier</b>: 2139-N39.3</p><p><b>clinicalStatus</b>: Active <span style="background: LightGoldenRodYellow">(Details : {http://terminology.hl7.org/CodeSystem/condition-clinical code 'active' = 'Active)</span></p><p><b>code</b>: Stress Incontinence <span style="background: LightGoldenRodYellow">(Details : {http://hl7.org/fhir/sid/icd-10 code 'N39.3' = 'N39.3', given as 'Stress Incontinence'})</span></p><p><b>subject</b>: <a href="urn:oid:29703a7e-238a-4510-a249-ec68ffc8d69c">urn:oid:29703a7e-238a-4510-a249-ec68ffc8d69c</a></p><p><b>encounter</b>: <a href="urn:oid:506ab3bc-8efa-40bc-a7ad-1643d467eb4f">urn:oid:506ab3bc-8efa-40bc-a7ad-1643d467eb4f</a></p><p><b>onset</b>: 9 Oct 2010, 09:00:00</p><p><b>asserter</b>: Dr Samuel Darwin</p></div>
        </text>
        <identifier>
          <system value="http://terminology.hl7.org/CodeSystem/v2-0203"/>
          <value value="2139-N39.3"/>
        </identifier>
        <clinicalStatus>
          <coding>
            <system value="http://terminology.hl7.org/CodeSystem/condition-clinical"/>
            <code value="active"/>
          </coding>
        </clinicalStatus>
        <code>
          <coding>
            <system value="http://hl7.org/fhir/sid/icd-10"/>
            <code value="N39.3"/>
            <display value="Stress Incontinence"/>
          </coding>
        </code>
        <subject>
          <reference value="urn:oid:29703a7e-238a-4510-a249-ec68ffc8d69c"/>
        </subject>
        <encounter>
          <reference value="urn:oid:506ab3bc-8efa-40bc-a7ad-1643d467eb4f"/>
        </encounter>
        <onsetDateTime value="2010-10-09T09:00:00+01:00"/>
        <asserter>
          <identifier>
            <system value="https://fhir.hl7.org.uk/Id/gmc-number"/>
            <value value="C3456789"/>
          </identifier>
          <display value="Dr Samuel Darwin"/>
        </asserter>
      </Condition>
    </resource>
    <request>
      <method value="POST"/>
      <url value="Condition"/>
      <ifNoneExist value="Condition?identifier=http://terminology.hl7.org/CodeSystem/v2-0203|2139-N39.3"/>
    </request>
  </entry>
  <entry>
    <fullUrl value="urn:oid:1af1046d-f398-41d6-8ecc-be8ecf4c9ccd"/>
    <resource>
      <Procedure>
        <text>
          <status value="generated"/><div xmlns="http://www.w3.org/1999/xhtml"><p><b>Generated Narrative with Details</b></p><p><b>identifier</b>: 2139-ZZS4</p><p><b>status</b>: completed</p><p><b>code</b>: Colonic examination <span style="background: LightGoldenRodYellow">(Details : {https://fhir.nhs.uk/Id/opcs-4 code 'ZZS4' = 'ZZS4', given as 'Colonic examination'})</span></p><p><b>subject</b>: <a href="urn:oid:29703a7e-238a-4510-a249-ec68ffc8d69c">urn:oid:29703a7e-238a-4510-a249-ec68ffc8d69c</a></p><p><b>encounter</b>: <a href="urn:oid:506ab3bc-8efa-40bc-a7ad-1643d467eb4f">urn:oid:506ab3bc-8efa-40bc-a7ad-1643d467eb4f</a></p><p><b>performed</b>: 20 Oct 2010, 20:56:00</p><h3>Performers</h3><table class="grid"><tr><td>-</td><td><b>Actor</b></td></tr><tr><td>*</td><td>Dr Samuel Darwin</td></tr></table></div>
        </text>
        <identifier>
          <system value="http://terminology.hl7.org/CodeSystem/v2-0203"/>
          <value value="2139-ZZS4"/>
        </identifier>
        <status value="completed"/>
        <code>
          <coding>
            <system value="https://fhir.nhs.uk/Id/opcs-4"/>
            <code value="ZZS4"/>
            <display value="Colonic examination"/>
          </coding>
        </code>
        <subject>
          <reference value="urn:oid:29703a7e-238a-4510-a249-ec68ffc8d69c"/>
        </subject>
        <encounter>
          <reference value="urn:oid:506ab3bc-8efa-40bc-a7ad-1643d467eb4f"/>
        </encounter>
        <performedDateTime value="2010-10-20T20:56:00+01:00"/>
        <performer>
          <actor>
            <identifier>
              <system value="https://fhir.hl7.org.uk/Id/gmc-number"/>
              <value value="C3456789"/>
            </identifier>
            <display value="Dr Samuel Darwin"/>
          </actor>
        </performer>
      </Procedure>
    </resource>
    <request>
      <method value="POST"/>
      <url value="Procedure"/>
      <ifNoneExist value="Procedure?identifier=http://terminology.hl7.org/CodeSystem/v2-0203|2139-ZZS4"/>
    </request>
  </entry>
</Bundle>