<?xml version="1.0" encoding="UTF-8"?>

<GraphDefinition xmlns="http://hl7.org/fhir">
  <id value="patient-referral-message"/>
  <text>
    <status value="generated"/><div xmlns="http://www.w3.org/1999/xhtml"><p><b>Generated Narrative with Details</b></p><p><b>id</b>: patient-referral-message</p><p><b>url</b>: <a href="https://project-wildfyre.github.io/careconnect-messaging-r4/GraphDefinition/patient-referral-message">https://project-wildfyre.github.io/careconnect-messaging-r4/GraphDefinition/patient-referral-message</a></p><p><b>version</b>: 4.0.0</p><p><b>name</b>: Patient Referral FHIR Graph Definition</p><p><b>status</b>: draft</p><p><b>date</b>: 3 Mar 2019, 00:00:00</p><p><b>publisher</b>: mayfield-is.co.uk</p><p><b>contact</b>: </p><p><b>description</b>: Patient Referral Message Graph</p><p><b>jurisdiction</b>: United Kingdom of Great Britain and Northern Ireland (GBR) <span style="background: LightGoldenRodYellow">(Details : {http://unstats.un.org/unsd/methods/m49/m49.htm code '826' = 'United Kingdom of Great Britain and Northern Ireland (GBR))</span></p><p><b>start</b>: MessageHeader</p><blockquote><p><b>link</b></p><p><b>id</b>: #message</p><p><b>path</b>: Bundle.entry.resource[x]</p><p><b>min</b>: 1</p><p><b>max</b>: 1</p><p><b>description</b>: MessageHeader. Where the coding and display for the event element is fixed to ‘CH005 - Birth Details’</p><blockquote><p><b>target</b></p><p><b>type</b>: MessageHeader</p><p><b>profile</b>: <a href="https://fhir.nhs.uk/STU3/StructureDefinition/CareConnect-ITK-EDIS-Composition-1">https://fhir.nhs.uk/STU3/StructureDefinition/CareConnect-ITK-EDIS-Composition-1</a></p><h3>Links</h3><table class="grid"><tr><td>-</td></tr><tr><td>*</td></tr></table></blockquote></blockquote><blockquote><p><b>link</b></p><p><b>id</b>: #referralRequest</p><p><b>path</b>: Bundle.entry.resource[x]</p><p><b>min</b>: 0</p><p><b>max</b>: *</p><p><b>description</b>: ITK ServiceRequest - This is a section in a FHIR Document</p><blockquote><p><b>target</b></p><p><b>type</b>: ServiceRequest</p><p><b>profile</b>: <a href="https://fhir.nhs.uk/R4/StructureDefinition/UKCore-ProcedureRequest">https://fhir.nhs.uk/R4/StructureDefinition/UKCore-ProcedureRequest</a></p><h3>Links</h3><table class="grid"><tr><td>-</td></tr><tr><td>*</td></tr><tr><td>*</td></tr><tr><td>*</td></tr><tr><td>*</td></tr><tr><td>*</td></tr><tr><td>*</td></tr><tr><td>*</td></tr><tr><td>*</td></tr></table></blockquote></blockquote><blockquote><p><b>link</b></p><p><b>id</b>: #encounter</p><p><b>path</b>: Bundle.entry.resource[x]</p><p><b>min</b>: 1</p><p><b>max</b>: 1</p><p><b>description</b>: ITK EncompassingEncounter</p><blockquote><p><b>target</b></p><p><b>type</b>: Encounter</p><p><b>profile</b>: <a href="https://fhir.nhs.uk/R4/StructureDefinition/UKCore-Encounter">https://fhir.nhs.uk/R4/StructureDefinition/UKCore-Encounter</a></p><h3>Links</h3><table class="grid"><tr><td>-</td></tr><tr><td>*</td></tr></table></blockquote></blockquote><blockquote><p><b>link</b></p><p><b>id</b>: #recipientOrganisation</p><p><b>path</b>: Bundle.entry.resource[x]</p><p><b>min</b>: 1</p><p><b>max</b>: 1</p><p><b>description</b>: Organisation</p><h3>Targets</h3><table class="grid"><tr><td>-</td><td><b>Type</b></td><td><b>Profile</b></td></tr><tr><td>*</td><td>Organization</td><td><a href="https://fhir.nhs.uk/R4/StructureDefinition/UKCore-Organization">https://fhir.nhs.uk/R4/StructureDefinition/UKCore-Organization</a></td></tr></table></blockquote><blockquote><p><b>link</b></p><p><b>id</b>: #recipientService</p><p><b>path</b>: Bundle.entry.resource[x]</p><p><b>min</b>: 1</p><p><b>max</b>: 1</p><p><b>description</b>: Healthcare Service</p><h3>Targets</h3><table class="grid"><tr><td>-</td><td><b>Type</b></td><td><b>Profile</b></td></tr><tr><td>*</td><td>HealthcareService</td><td><a href="https://fhir.nhs.uk/R4/StructureDefinition/UKCore-HealthcareService">https://fhir.nhs.uk/R4/StructureDefinition/UKCore-HealthcareService</a></td></tr></table></blockquote><blockquote><p><b>link</b></p><p><b>id</b>: #location</p><p><b>path</b>: Bundle.entry.resource[x]</p><p><b>min</b>: 1</p><p><b>max</b>: 1</p><p><b>description</b>: Delivery Location</p><h3>Targets</h3><table class="grid"><tr><td>-</td><td><b>Type</b></td><td><b>Profile</b></td></tr><tr><td>*</td><td>Location</td><td><a href="https://fhir.nhs.uk/R4/StructureDefinition/UKCore-Location">https://fhir.nhs.uk/R4/StructureDefinition/UKCore-Location</a></td></tr></table></blockquote><blockquote><p><b>link</b></p><p><b>id</b>: #patient</p><p><b>path</b>: Bundle.entry.resource[0]</p><p><b>min</b>: 1</p><p><b>max</b>: 1</p><p><b>description</b>: Patient</p><blockquote><p><b>target</b></p><p><b>type</b>: Patient</p><p><b>profile</b>: <a href="https://fhir.nhs.uk/R4/StructureDefinition/UKCore-Patient">https://fhir.nhs.uk/R4/StructureDefinition/UKCore-Patient</a></p><h3>Links</h3><table class="grid"><tr><td>-</td></tr><tr><td>*</td></tr><tr><td>*</td></tr></table></blockquote></blockquote><blockquote><p><b>link</b></p><p><b>id</b>: #requestor</p><p><b>path</b>: Bundle.entry.resource[x]</p><p><b>min</b>: 1</p><p><b>max</b>: *</p><p><b>description</b>: Author or Consultant</p><h3>Targets</h3><table class="grid"><tr><td>-</td><td><b>Type</b></td><td><b>Profile</b></td></tr><tr><td>*</td><td>Practitioner</td><td><a href="https://fhir.nhs.uk/R4/StructureDefinition/UKCore-Practitioner">https://fhir.nhs.uk/R4/StructureDefinition/UKCore-Practitioner</a></td></tr></table></blockquote><blockquote><p><b>link</b></p><p><b>id</b>: #consent</p><p><b>path</b>: Bundle.entry.resource[x]</p><p><b>min</b>: 0</p><p><b>max</b>: *</p><p><b>description</b>: ITK Consent / ITK Permission to View Section</p><h3>Targets</h3><table class="grid"><tr><td>-</td><td><b>Type</b></td><td><b>Profile</b></td></tr><tr><td>*</td><td>Consent</td><td><a href="https://fhir.nhs.uk/R4/StructureDefinition/UKCore-Consent">https://fhir.nhs.uk/R4/StructureDefinition/UKCore-Consent</a></td></tr></table></blockquote><blockquote><p><b>link</b></p><p><b>id</b>: #questionnaireResponse</p><p><b>path</b>: Bundle.entry.resource[x]</p><p><b>min</b>: 0</p><p><b>max</b>: *</p><p><b>description</b>: ITK Triage Attachment - this is a blob not questionnaire response</p><h3>Targets</h3><table class="grid"><tr><td>-</td><td><b>Type</b></td><td><b>Profile</b></td></tr><tr><td>*</td><td>QuestionnaireResponse</td><td><a href="http://hl7.org/fhir/R4/StructureDefinition/QuestionnaireResponse">http://hl7.org/fhir/R4/StructureDefinition/QuestionnaireResponse</a></td></tr></table></blockquote><blockquote><p><b>link</b></p><p><b>id</b>: #composition</p><p><b>path</b>: Bundle.entry.resource[x]</p><p><b>min</b>: 0</p><p><b>max</b>: *</p><p><b>description</b>: Clinical Document</p><h3>Targets</h3><table class="grid"><tr><td>-</td><td><b>Type</b></td><td><b>Profile</b></td></tr><tr><td>*</td><td>Composition</td><td><a href="http://hl7.org/fhir/R4/StructureDefinition/Composition">http://hl7.org/fhir/R4/StructureDefinition/Composition</a></td></tr></table></blockquote></div>
  </text>
  <url value="https://project-wildfyre.github.io/careconnect-messaging-r4/GraphDefinition/patient-referral-message"/>
  <version value="4.0.0"/>
  <name value="Patient Referral FHIR Graph Definition"/>
  <status value="draft"/>
  <date value="2019-03-03T00:00:00+00:00"/>
  <publisher value="mayfield-is.co.uk"/>
  <contact>
    <telecom>
      <system value="email"/>
      <value value="mailto:kevin.mayfield1@nhs.net"/>
    </telecom>
  </contact>
  <description value="Patient Referral Message Graph"/>
  <jurisdiction>
    <coding>
      <system value="http://unstats.un.org/unsd/methods/m49/m49.htm"/>
      <code value="826"/>
    </coding>
  </jurisdiction>
  <start value="MessageHeader"/>
  <link id="#message">
    <path value="Bundle.entry.resource[x]"/>
    <min value="1"/>
    <max value="1"/>
    <description value="MessageHeader. Where the coding and display for the event element is fixed to &#x2018;CH005 - Birth Details&#x2019;"/>
    <target>
      <type value="MessageHeader"/>
      <profile value="https://fhir.nhs.uk/STU3/StructureDefinition/CareConnect-ITK-EDIS-Composition-1"/>
      <link>
        <path value="MessageHeader.focus"/>
        <min value="1"/>
        <max value="1"/>
        <description value="The focus of the message"/>
        <target>
          <extension url="https://fhir.mayfield-is.co.uk/extension-GraphDefinition.targetLinkId">
            <valueString value="#referralRequest"/>
          </extension>
          <type value="ServiceRequest"/>
          <profile value="https://fhir.nhs.uk/R4/StructureDefinition/UKCore-ProcedureRequest"/>
        </target>
      </link>
    </target>
  </link>
  <link id="#referralRequest">
    <path value="Bundle.entry.resource[x]"/>
    <min value="0"/>
    <max value="*"/>
    <description value="ITK ServiceRequest - This is a section in a FHIR Document"/>
    <target>
      <type value="ServiceRequest"/>
      <profile value="https://fhir.nhs.uk/R4/StructureDefinition/UKCore-ProcedureRequest"/>
      <link>
        <path value="ServiceRequest.subject"/>
        <min value="1"/>
        <max value="1"/>
        <description value="The patient"/>
        <target>
          <extension url="https://fhir.mayfield-is.co.uk/extension-GraphDefinition.targetLinkId">
            <valueString value="#patient"/>
          </extension>
          <type value="Patient"/>
          <profile value="https://fhir.nhs.uk/R4/StructureDefinition/UKCore-Patient"/>
        </target>
      </link>
      <link>
        <path value="ServiceRequest.requester"/>
        <min value="1"/>
        <max value="1"/>
        <description value="Practitioner"/>
        <target>
          <extension url="https://fhir.mayfield-is.co.uk/extension-GraphDefinition.targetLinkId">
            <valueString value="#requestor"/>
          </extension>
          <type value="Practitioner"/>
          <profile value="https://fhir.nhs.uk/R4/StructureDefinition/UKCore-Practitioner"/>
        </target>
      </link>
      <link>
        <path value="ServiceRequest.recipient"/>
        <min value="0"/>
        <max value="1"/>
        <description value="Organisation"/>
        <target>
          <extension url="https://fhir.mayfield-is.co.uk/extension-GraphDefinition.targetLinkId">
            <valueString value="#recipientOrganisation  "/>
          </extension>
          <type value="Organization"/>
          <profile value="https://fhir.nhs.uk/R4/StructureDefinition/UKCore-Organization"/>
        </target>
      </link>
      <link>
        <path value="ServiceRequest.recipient"/>
        <min value="0"/>
        <max value="1"/>
        <description value="Healthcare Service"/>
        <target>
          <extension url="https://fhir.mayfield-is.co.uk/extension-GraphDefinition.targetLinkId">
            <valueString value="#recipientService"/>
          </extension>
          <type value="HealthcareService"/>
          <profile value="https://fhir.nhs.uk/R4/StructureDefinition/UKCore-HealthcareService"/>
        </target>
      </link>
      <link>
        <path value="ServiceRequest.context"/>
        <min value="1"/>
        <max value="1"/>
        <description value="Encompassing Encounter"/>
        <target>
          <extension url="https://fhir.mayfield-is.co.uk/extension-GraphDefinition.targetLinkId">
            <valueString value="#encounter"/>
          </extension>
          <type value="Encounter"/>
          <profile value="https://fhir.nhs.uk/R4/StructureDefinition/UKCore-Encounter"/>
        </target>
      </link>
      <link>
        <path value="ServiceRequest.supportingInfo[]"/>
        <min value="0"/>
        <max value="1"/>
        <description value="Supporting information - Triage Block"/>
        <target>
          <extension url="https://fhir.mayfield-is.co.uk/extension-GraphDefinition.targetLinkId">
            <valueString value="#questionnaireResponse"/>
          </extension>
          <type value="QuestionnaireResponse"/>
          <profile value="http://hl7.org/fhir/R4/StructureDefinition/QuestionnaireResponse"/>
        </target>
      </link>
      <link>
        <path value="ServiceRequest.supportingInfo[]"/>
        <min value="0"/>
        <max value="1"/>
        <description value="Supporting information - Consent"/>
        <target>
          <extension url="https://fhir.mayfield-is.co.uk/extension-GraphDefinition.targetLinkId">
            <valueString value="#consent"/>
          </extension>
          <type value="Consent"/>
          <profile value="http://hl7.org/fhir/R4/StructureDefinition/Consent"/>
        </target>
      </link>
      <link>
        <path value="ServiceRequest.supportingInfo[]"/>
        <min value="0"/>
        <max value="1"/>
        <description value="Supporting information - Clinical Documentation"/>
        <target>
          <extension url="https://fhir.mayfield-is.co.uk/extension-GraphDefinition.targetLinkId">
            <valueString value="#composition"/>
          </extension>
          <type value="Composition"/>
          <profile value="http://hl7.org/fhir/R4/StructureDefinition/Composition"/>
        </target>
      </link>
    </target>
  </link>
  <link id="#encounter">
    <path value="Bundle.entry.resource[x]"/>
    <min value="1"/>
    <max value="1"/>
    <description value="ITK EncompassingEncounter"/>
    <target>
      <type value="Encounter"/>
      <profile value="https://fhir.nhs.uk/R4/StructureDefinition/UKCore-Encounter"/>
      <link>
        <path value="Encounter.location"/>
        <min value="1"/>
        <max value="1"/>
        <description value="Location"/>
        <target>
          <extension url="https://fhir.mayfield-is.co.uk/extension-GraphDefinition.targetLinkId">
            <valueString value="#location"/>
          </extension>
          <type value="Location"/>
          <profile value="https://fhir.nhs.uk/R4/StructureDefinition/UKCore-Location"/>
        </target>
      </link>
    </target>
  </link>
  <link id="#recipientOrganisation">
    <path value="Bundle.entry.resource[x]"/>
    <min value="1"/>
    <max value="1"/>
    <description value="Organisation"/>
    <target>
      <type value="Organization"/>
      <profile value="https://fhir.nhs.uk/R4/StructureDefinition/UKCore-Organization"/>
    </target>
  </link>
  <link id="#recipientService">
    <path value="Bundle.entry.resource[x]"/>
    <min value="1"/>
    <max value="1"/>
    <description value="Healthcare Service"/>
    <target>
      <type value="HealthcareService"/>
      <profile value="https://fhir.nhs.uk/R4/StructureDefinition/UKCore-HealthcareService"/>
    </target>
  </link>
  <link id="#location">
    <path value="Bundle.entry.resource[x]"/>
    <min value="1"/>
    <max value="1"/>
    <description value="Delivery Location"/>
    <target>
      <type value="Location"/>
      <profile value="https://fhir.nhs.uk/R4/StructureDefinition/UKCore-Location"/>
    </target>
  </link>
  <link id="#patient">
    <path value="Bundle.entry.resource[0]"/>
    <min value="1"/>
    <max value="1"/>
    <description value="Patient"/>
    <target>
      <type value="Patient"/>
      <profile value="https://fhir.nhs.uk/R4/StructureDefinition/UKCore-Patient"/>
      <link>
        <path value="Patient.generalPractitioner"/>
        <min value="1"/>
        <max value="1"/>
        <description value="Patient usual GP [ITK RecordTarget]"/>
        <target>
          <type value="Practitioner"/>
        </target>
      </link>
      <link>
        <path value="Patient.managingOrganization[x]"/>
        <min value="1"/>
        <max value="1"/>
        <description value="Patient Surgery [ITK RecordTarget-&gt;PatientRole-&gt;Organisation]"/>
        <target>
          <type value="Organization"/>
        </target>
      </link>
    </target>
  </link>
  <link id="#requestor">
    <path value="Bundle.entry.resource[x]"/>
    <min value="1"/>
    <max value="*"/>
    <description value="Author or Consultant"/>
    <target>
      <type value="Practitioner"/>
      <profile value="https://fhir.nhs.uk/R4/StructureDefinition/UKCore-Practitioner"/>
    </target>
  </link>
  <link id="#consent">
    <path value="Bundle.entry.resource[x]"/>
    <min value="0"/>
    <max value="*"/>
    <description value="ITK Consent / ITK Permission to View Section"/>
    <target>
      <type value="Consent"/>
      <profile value="https://fhir.nhs.uk/R4/StructureDefinition/UKCore-Consent"/>
    </target>
  </link>
  <link id="#questionnaireResponse">
    <path value="Bundle.entry.resource[x]"/>
    <min value="0"/>
    <max value="*"/>
    <description value="ITK Triage Attachment - this is a blob not questionnaire response"/>
    <target>
      <type value="QuestionnaireResponse"/>
      <profile value="http://hl7.org/fhir/R4/StructureDefinition/QuestionnaireResponse"/>
    </target>
  </link>
  <link id="#composition">
    <path value="Bundle.entry.resource[x]"/>
    <min value="0"/>
    <max value="*"/>
    <description value="Clinical Document"/>
    <target>
      <type value="Composition"/>
      <profile value="http://hl7.org/fhir/R4/StructureDefinition/Composition"/>
    </target>
  </link>
</GraphDefinition>