<?xml version="1.0" encoding="UTF-8"?>

<GraphDefinition xmlns="http://hl7.org/fhir">
  <id value="nhs111report-information-model"/>
  <text>
    <status value="generated"/><div xmlns="http://www.w3.org/1999/xhtml"><p><b>Generated Narrative with Details</b></p><p><b>id</b>: nhs111report-information-model</p><p><b>url</b>: <a href="https://project-wildfyre.github.io/careconnect-messaging-r4/GraphDefinition/nhs111report-information-model">https://project-wildfyre.github.io/careconnect-messaging-r4/GraphDefinition/nhs111report-information-model</a></p><p><b>version</b>: 4.0.0</p><p><b>name</b>: Information Model - NHS 111 Report</p><p><b>status</b>: draft</p><p><b>date</b>: 3 Mar 2019, 00:00:00</p><p><b>publisher</b>: mayfield-is.co.uk</p><p><b>contact</b>: </p><p><b>description</b>: Information model based on the NHS 111 ITK Report [Specification](https://data.developer.nhs.uk/dms/IUC-3.0-RC1/Domains/IntegratedUrgentCare/Tabular%20View/POCD_RM200001GB02.html).</p><p><b>jurisdiction</b>: United Kingdom of Great Britain and Northern Ireland (GBR) <span style="background: LightGoldenRodYellow">(Details : {http://unstats.un.org/unsd/methods/m49/m49.htm code '826' = 'United Kingdom of Great Britain and Northern Ireland (GBR))</span></p><p><b>start</b>: Composition</p><p><b>profile</b>: <a href="http://hl7.org/fhir/R4/StructureDefinition/Composition">http://hl7.org/fhir/R4/StructureDefinition/Composition</a></p><blockquote><p><b>link</b></p><p><b>path</b>: Composition.section[x].entry</p><p><b>sliceName</b>: informationRecipient</p><p><b>min</b>: 1</p><p><b>max</b>: *</p><p><b>description</b>: ITK informationRecipient. The primary information recipients of the clinical documents are usually expected to perform some action on receipt of a CDA document. There can be more than one primary recipient. </p><blockquote><p><b>target</b></p><p><b>type</b>: Patient</p><p><b>profile</b>: <a href="http://hl7.org/fhir/R4/StructureDefinition/Patient">http://hl7.org/fhir/R4/StructureDefinition/Patient</a></p></blockquote><blockquote><p><b>target</b></p><p><b>type</b>: HeathcareService</p><p><b>profile</b>: <a href="http://hl7.org/fhir/R4/StructureDefinition/HeathcareService">http://hl7.org/fhir/R4/StructureDefinition/HeathcareService</a></p></blockquote><blockquote><p><b>target</b></p><p><b>type</b>: Person</p><p><b>profile</b>: <a href="http://hl7.org/fhir/R4/StructureDefinition/Person">http://hl7.org/fhir/R4/StructureDefinition/Person</a></p></blockquote></blockquote><blockquote><p><b>link</b></p><p><b>path</b>: Composition.author</p><p><b>min</b>: 1</p><p><b>max</b>: *</p><p><b>description</b>: It holds details of how and when the author authored the document.</p><blockquote><p><b>target</b></p><p><b>type</b>: Practitioner</p><p><b>profile</b>: <a href="http://hl7.org/fhir/R4/StructureDefinition/Practitioner">http://hl7.org/fhir/R4/StructureDefinition/Practitioner</a></p></blockquote><blockquote><p><b>target</b></p><p><b>type</b>: Device</p><p><b>profile</b>: <a href="http://hl7.org/fhir/R4/StructureDefinition/Device">http://hl7.org/fhir/R4/StructureDefinition/Device</a></p></blockquote><blockquote><p><b>target</b></p><p><b>type</b>: Person</p><p><b>profile</b>: <a href="http://hl7.org/fhir/R4/StructureDefinition/Person">http://hl7.org/fhir/R4/StructureDefinition/Person</a></p></blockquote></blockquote><blockquote><p><b>link</b></p><p><b>path</b>: Composition.subject</p><p><b>min</b>: 1</p><p><b>max</b>: 1</p><p><b>description</b>: ITK recordTarget (The patient whose record is the target for the information in the Document.)</p><h3>Targets</h3><table class="grid"><tr><td>-</td><td><b>Type</b></td><td><b>Profile</b></td></tr><tr><td>*</td><td>Patient</td><td><a href="http://hl7.org/fhir/R4/StructureDefinition/Patient">http://hl7.org/fhir/R4/StructureDefinition/Patient</a></td></tr></table></blockquote><blockquote><p><b>link</b></p><p><b>path</b>: Composition.custodian</p><p><b>min</b>: 1</p><p><b>max</b>: 1</p><p><b>description</b>: The custodian is the legal owner of the document and is the organisation responsible for maintaining the information in the document.</p><h3>Targets</h3><table class="grid"><tr><td>-</td><td><b>Type</b></td><td><b>Profile</b></td></tr><tr><td>*</td><td>Organization</td><td><a href="http://hl7.org/fhir/R4/StructureDefinition/Organization">http://hl7.org/fhir/R4/StructureDefinition/Organization</a></td></tr></table></blockquote><blockquote><p><b>link</b></p><p><b>path</b>: Composition.section[x].entry</p><p><b>sliceName</b>: informant</p><p><b>min</b>: 1</p><p><b>max</b>: *</p><p><b>description</b>: An informant is a person who informed the author about information contained in the document.</p><blockquote><p><b>target</b></p><p><b>type</b>: Organization</p><p><b>profile</b>: <a href="http://hl7.org/fhir/R4/StructureDefinition/Organization">http://hl7.org/fhir/R4/StructureDefinition/Organization</a></p></blockquote><blockquote><p><b>target</b></p><p><b>type</b>: Person</p><p><b>profile</b>: <a href="http://hl7.org/fhir/R4/StructureDefinition/Person">http://hl7.org/fhir/R4/StructureDefinition/Person</a></p></blockquote></blockquote><blockquote><p><b>link</b></p><p><b>path</b>: Composition.section[x].entry</p><p><b>sliceName</b>: participant</p><p><b>min</b>: 1</p><p><b>max</b>: *</p><p><b>description</b>: Participants are people, organisations or devices that are involved in some way with the CDA document.</p><blockquote><p><b>target</b></p><p><b>type</b>: Organization</p><p><b>profile</b>: <a href="http://hl7.org/fhir/R4/StructureDefinition/Organization">http://hl7.org/fhir/R4/StructureDefinition/Organization</a></p></blockquote><blockquote><p><b>target</b></p><p><b>type</b>: Person</p><p><b>profile</b>: <a href="http://hl7.org/fhir/R4/StructureDefinition/Person">http://hl7.org/fhir/R4/StructureDefinition/Person</a></p></blockquote></blockquote><blockquote><p><b>link</b></p><p><b>path</b>: Composition.relatesTo.target[x]</p><p><b>min</b>: 0</p><p><b>max</b>: *</p><p><b>description</b>: This is a related document relationship it links the current document to a related document.</p><h3>Targets</h3><table class="grid"><tr><td>-</td><td><b>Type</b></td><td><b>Profile</b></td></tr><tr><td>*</td><td>Composition</td><td><a href="http://hl7.org/fhir/R4/StructureDefinition/Composition">http://hl7.org/fhir/R4/StructureDefinition/Composition</a></td></tr></table></blockquote><blockquote><p><b>link</b></p><p><b>path</b>: Composition.section[x].entry</p><p><b>sliceName</b>: documentationOf</p><p><b>min</b>: 0</p><p><b>max</b>: *</p><p><b>description</b>: A ServiceEvent can further specialize the act inherent in the ClinicalDocument.code, such as where the Composition.code is simply 'Procedure Report' and the procedure was a 'colonoscopy'.</p><h3>Targets</h3><table class="grid"><tr><td>-</td><td><b>Type</b></td><td><b>Profile</b></td></tr><tr><td>*</td><td>ServiceRequest</td><td><a href="http://hl7.org/fhir/R4/StructureDefinition/ServiceRequest">http://hl7.org/fhir/R4/StructureDefinition/ServiceRequest</a></td></tr></table></blockquote><blockquote><p><b>link</b></p><p><b>path</b>: Composition.section[x].entry</p><p><b>sliceName</b>: authorization</p><p><b>min</b>: 0</p><p><b>max</b>: *</p><p><b>description</b>: Details of the authorisation associated with the document</p><h3>Targets</h3><table class="grid"><tr><td>-</td><td><b>Extension</b></td><td><b>Type</b></td><td><b>Profile</b></td></tr><tr><td>*</td><td/><td>Consent</td><td><a href="http://hl7.org/fhir/R4/StructureDefinition/Consent">http://hl7.org/fhir/R4/StructureDefinition/Consent</a></td></tr></table></blockquote><blockquote><p><b>link</b></p><p><b>path</b>: Composition.encounter</p><p><b>min</b>: 1</p><p><b>max</b>: 1</p><p><b>description</b>: This is a component of relationship it is used to link the document header to the EncompassingEncounter that the document is documenting.</p><h3>Targets</h3><table class="grid"><tr><td>-</td><td><b>Type</b></td><td><b>Profile</b></td></tr><tr><td>*</td><td>Encounter</td><td><a href="http://hl7.org/fhir/R4/StructureDefinition/Encounter">http://hl7.org/fhir/R4/StructureDefinition/Encounter</a></td></tr></table></blockquote><blockquote><p><b>link</b></p><p><b>path</b>: Composition.section[x].entry</p><p><b>sliceName</b>: patientDemographicsSection</p><p><b>min</b>: 1</p><p><b>max</b>: *</p><p><b>description</b>: Patient details - unable to locate in the CDA document</p><h3>Targets</h3><table class="grid"><tr><td>-</td><td><b>Extension</b></td><td><b>Type</b></td><td><b>Profile</b></td></tr><tr><td>*</td><td/><td>Patient</td><td><a href="http://hl7.org/fhir/R4/StructureDefinition/Patient">http://hl7.org/fhir/R4/StructureDefinition/Patient</a></td></tr></table></blockquote><blockquote><p><b>link</b></p><p><b>path</b>: Composition.section[x].entry</p><p><b>sliceName</b>: TriageAttachment</p><p><b>min</b>: 0</p><p><b>max</b>: *</p><p><b>description</b>: ITK TriageAttachment - This is a base 64 encoded export of Pathway in JSON format</p><h3>Targets</h3><table class="grid"><tr><td>-</td><td><b>Type</b></td><td><b>Profile</b></td></tr><tr><td>*</td><td>Binary</td><td><a href="http://hl7.org/fhir/R4/StructureDefinition/Binary">http://hl7.org/fhir/R4/StructureDefinition/Binary</a></td></tr></table></blockquote><blockquote><p><b>link</b></p><p><b>path</b>: Composition.section[x].entry</p><p><b>sliceName</b>: PermissionToView</p><p><b>min</b>: 0</p><p><b>max</b>: *</p><p><b>description</b>: The Permission to View template details the permission to view the care record associated with this message.</p><h3>Targets</h3><table class="grid"><tr><td>-</td><td><b>Type</b></td><td><b>Profile</b></td></tr><tr><td>*</td><td>Consent</td><td><a href="http://hl7.org/fhir/R4/StructureDefinition/Consent">http://hl7.org/fhir/R4/StructureDefinition/Consent</a></td></tr></table></blockquote><blockquote><p><b>link</b></p><p><b>path</b>: Composition.section[x].entry</p><p><b>sliceName</b>: NHS111TextSection</p><p><b>min</b>: 0</p><p><b>max</b>: *</p><p><b>description</b>: Document Text</p></blockquote></div>
  </text>
  <url value="https://project-wildfyre.github.io/careconnect-messaging-r4/GraphDefinition/nhs111report-information-model"/>
  <version value="4.0.0"/>
  <name value="Information Model - NHS 111 Report"/>
  <status value="draft"/>
  <date value="2019-03-03T00:00:00+00:00"/>
  <publisher value="mayfield-is.co.uk"/>
  <contact>
    <telecom>
      <system value="email"/>
      <value value="kevin.mayfield@mayfield-is.co.uk"/>
    </telecom>
  </contact>
  <description value="Information model based on the NHS 111 ITK Report [Specification](https://data.developer.nhs.uk/dms/IUC-3.0-RC1/Domains/IntegratedUrgentCare/Tabular%20View/POCD_RM200001GB02.html)."/>
  <jurisdiction>
    <coding>
      <system value="http://unstats.un.org/unsd/methods/m49/m49.htm"/>
      <code value="826"/>
    </coding>
  </jurisdiction>
  <start value="Composition"/>
  <profile value="http://hl7.org/fhir/R4/StructureDefinition/Composition"/>
  <link>
    <path value="Composition.section[x].entry"/>
    <sliceName value="informationRecipient"/>
    <min value="1"/>
    <max value="*"/>
    <description value="ITK informationRecipient. The primary information recipients of the clinical documents are usually expected to perform some action on receipt of a CDA document. There can be more than one primary recipient. "/>
    <target>
      <type value="Patient"/>
      <profile value="http://hl7.org/fhir/R4/StructureDefinition/Patient"/>
    </target>
    <target>
      <type value="HeathcareService"/>
      <profile value="http://hl7.org/fhir/R4/StructureDefinition/HeathcareService"/>
    </target>
    <target>
      <type value="Person"/>
      <profile value="http://hl7.org/fhir/R4/StructureDefinition/Person"/>
    </target>
  </link>
  <link>
    <path value="Composition.author"/>
    <min value="1"/>
    <max value="*"/>
    <description value="It holds details of how and when the author authored the document."/>
    <target>
      <type value="Practitioner"/>
      <profile value="http://hl7.org/fhir/R4/StructureDefinition/Practitioner"/>
    </target>
    <target>
      <type value="Device"/>
      <profile value="http://hl7.org/fhir/R4/StructureDefinition/Device"/>
    </target>
    <target>
      <type value="Person"/>
      <profile value="http://hl7.org/fhir/R4/StructureDefinition/Person"/>
    </target>
  </link>
  <link>
    <path value="Composition.subject"/>
    <min value="1"/>
    <max value="1"/>
    <description value="ITK recordTarget (The patient whose record is the target for the information in the Document.)"/>
    <target>
      <type value="Patient"/>
      <profile value="http://hl7.org/fhir/R4/StructureDefinition/Patient"/>
    </target>
  </link>
  <link>
    <path value="Composition.custodian"/>
    <min value="1"/>
    <max value="1"/>
    <description value="The custodian is the legal owner of the document and is the organisation responsible for maintaining the information in the document."/>
    <target>
      <type value="Organization"/>
      <profile value="http://hl7.org/fhir/R4/StructureDefinition/Organization"/>
    </target>
  </link>
  <link>
    <path value="Composition.section[x].entry"/>
    <sliceName value="informant"/>
    <min value="1"/>
    <max value="*"/>
    <description value="An informant is a person who informed the author about information contained in the document."/>
    <target>
      <type value="Organization"/>
      <profile value="http://hl7.org/fhir/R4/StructureDefinition/Organization"/>
    </target>
    <target>
      <type value="Person"/>
      <profile value="http://hl7.org/fhir/R4/StructureDefinition/Person"/>
    </target>
  </link>
  <link>
    <path value="Composition.section[x].entry"/>
    <sliceName value="participant"/>
    <min value="1"/>
    <max value="*"/>
    <description value="Participants are people, organisations or devices that are involved in some way with the CDA document."/>
    <target>
      <type value="Organization"/>
      <profile value="http://hl7.org/fhir/R4/StructureDefinition/Organization"/>
    </target>
    <target>
      <type value="Person"/>
      <profile value="http://hl7.org/fhir/R4/StructureDefinition/Person"/>
    </target>
  </link>
  <link>
    <path value="Composition.relatesTo.target[x]"/>
    <min value="0"/>
    <max value="*"/>
    <description value="This is a related document relationship it links the current document to a related document."/>
    <target>
      <type value="Composition"/>
      <profile value="http://hl7.org/fhir/R4/StructureDefinition/Composition"/>
    </target>
  </link>
  <link>
    <path value="Composition.section[x].entry"/>
    <sliceName value="documentationOf"/>
    <min value="0"/>
    <max value="*"/>
    <description value="A ServiceEvent can further specialize the act inherent in the ClinicalDocument.code, such as where the Composition.code is simply &#39;Procedure Report&#39; and the procedure was a &#39;colonoscopy&#39;."/>
    <target>
      <type value="ServiceRequest"/>
      <profile value="http://hl7.org/fhir/R4/StructureDefinition/ServiceRequest"/>
    </target>
  </link>
  <link>
    <path value="Composition.section[x].entry"/>
    <sliceName value="authorization"/>
    <min value="0"/>
    <max value="*"/>
    <description value="Details of the authorisation associated with the document"/>
    <target>
      <extension url="https://fhir.mayfield-is.co.uk/extension-GraphDefinition.targetLinkId">
        <valueString value="#consent"/>
      </extension>
      <type value="Consent"/>
      <profile value="http://hl7.org/fhir/R4/StructureDefinition/Consent"/>
    </target>
  </link>
  <link>
    <path value="Composition.encounter"/>
    <min value="1"/>
    <max value="1"/>
    <description value="This is a component of relationship it is used to link the document header to the EncompassingEncounter that the document is documenting."/>
    <target>
      <type value="Encounter"/>
      <profile value="http://hl7.org/fhir/R4/StructureDefinition/Encounter"/>
    </target>
  </link>
  <link>
    <path value="Composition.section[x].entry"/>
    <sliceName value="patientDemographicsSection"/>
    <min value="1"/>
    <max value="*"/>
    <description value="Patient details - unable to locate in the CDA document"/>
    <target>
      <extension url="https://fhir.mayfield-is.co.uk/extension-GraphDefinition.targetLinkId">
        <valueString value="#patient"/>
      </extension>
      <type value="Patient"/>
      <profile value="http://hl7.org/fhir/R4/StructureDefinition/Patient"/>
    </target>
  </link>
  <link>
    <path value="Composition.section[x].entry"/>
    <sliceName value="TriageAttachment"/>
    <min value="0"/>
    <max value="*"/>
    <description value="ITK TriageAttachment - This is a base 64 encoded export of Pathway in JSON format"/>
    <target>
      <type value="Binary"/>
      <profile value="http://hl7.org/fhir/R4/StructureDefinition/Binary"/>
    </target>
  </link>
  <link>
    <path value="Composition.section[x].entry"/>
    <sliceName value="PermissionToView"/>
    <min value="0"/>
    <max value="*"/>
    <description value="The Permission to View template details the permission to view the care record associated with this message."/>
    <target>
      <type value="Consent"/>
      <profile value="http://hl7.org/fhir/R4/StructureDefinition/Consent"/>
    </target>
  </link>
  <link>
    <path value="Composition.section[x].entry"/>
    <sliceName value="NHS111TextSection"/>
    <min value="0"/>
    <max value="*"/>
    <description value="Document Text"/>
  </link>
</GraphDefinition>