<?xml version="1.0" encoding="UTF-8"?>

<MessageDefinition xmlns="http://hl7.org/fhir">
  <id value="patient-create"/>
  <text>
    <status value="generated"/><div xmlns="http://www.w3.org/1999/xhtml"><p><b>Generated Narrative with Details</b></p><p><b>id</b>: patient-create</p><p><b>url</b>: <a href="https://project-wildfyre.github.io/careconnect-messaging-r4/MessageDefinition/patient-create">https://project-wildfyre.github.io/careconnect-messaging-r4/MessageDefinition/patient-create</a></p><p><b>identifier</b>: c81b88dc-760e-4b1e-9cdb-c5f853630664</p><p><b>version</b>: 4.0.0</p><p><b>title</b>: Patient Create</p><p><b>status</b>: active</p><p><b>date</b>: 14 May 2020, 11:59:58</p><p><b>publisher</b>: gmdigitialplatforms.nhs.uk</p><p><b>contact</b>: mailto:kevin.mayfield1@nhs.net</p><p><b>jurisdiction</b>: United Kingdom of Great Britain and Northern Ireland (GBR) <span style="background: LightGoldenRodYellow">(Details : {http://unstats.un.org/unsd/methods/m49/m49.htm code '826' = 'United Kingdom of Great Britain and Northern Ireland (GBR))</span></p><p><b>event</b>: Patient Create (Details: https://project-wildfyre.github.io/careconnect-messaging-r4/CodeSystem/message-events code patient-create = 'Patient Create', stated as 'Patient Create')</p><p><b>category</b>: notification</p><h3>Focus</h3><table class="grid"><tr><td>-</td><td><b>Code</b></td><td><b>Profile</b></td><td><b>Min</b></td><td><b>Max</b></td></tr><tr><td>*</td><td>Patient</td><td><a href="https://fhir.nhs.uk/R4/StructureDefinition/UKCore-Patient">https://fhir.nhs.uk/R4/StructureDefinition/UKCore-Patient</a></td><td>1</td><td>1</td></tr></table></div>
  </text>
  <url value="https://project-wildfyre.github.io/careconnect-messaging-r4/MessageDefinition/patient-create"/>
  <identifier>
    <system value="https://tools.ietf.org/html/rfc4122"/>
    <value value="c81b88dc-760e-4b1e-9cdb-c5f853630664"/>
  </identifier>
  <version value="4.0.0"/>
  <title value="Patient Create"/>
  <status value="active"/>
  <date value="2020-05-14T11:59:58+01:00"/>
  <publisher value="gmdigitialplatforms.nhs.uk"/>
  <contact>
    <telecom>
      <system value="email"/>
      <value value="mailto:kevin.mayfield1@nhs.net"/>
    </telecom>
  </contact>
  <jurisdiction>
    <coding>
      <system value="http://unstats.un.org/unsd/methods/m49/m49.htm"/>
      <code value="826"/>
    </coding>
  </jurisdiction>
  <eventCoding>
    <system value="https://project-wildfyre.github.io/careconnect-messaging-r4/CodeSystem/message-events"/>
    <code value="patient-create"/>
    <display value="Patient Create"/>
  </eventCoding>
  <category value="notification"/>
  <focus>
    <code value="Patient"/>
    <profile value="https://fhir.nhs.uk/R4/StructureDefinition/UKCore-Patient"/>
    <min value="1"/>
    <max value="1"/>
  </focus>
</MessageDefinition>