<?xml version="1.0" encoding="UTF-8"?>

<QuestionnaireResponse xmlns="http://hl7.org/fhir">
<!--    Please not that in this questionnaire, the questions are mostly unnamed, that is, the
     questions are not identified using the <name> element. It will therefore
      be hard to extract useful information in an automated way from this questionnaire.
     This is, however, quite often the case when modeling existing questionnaires    -->
  <id value="covid-19"/>
  <text>
    <status value="generated"/><div xmlns="http://www.w3.org/1999/xhtml"><p><b>Generated Narrative with Details</b></p><p><b>id</b>: covid-19</p><p><b>identifier</b>: ebd4bc35-1369-4ae6-9909-0a12c7462d04</p><p><b>questionnaire</b>: <a href="https://fhir.nhsz.uk/Questionnaire/covid-19-public">https://fhir.nhsz.uk/Questionnaire/covid-19-public</a></p><p><b>status</b>: completed</p><p><b>subject</b>: <a href="urn:oid:29703a7e-238a-4510-a249-ec68ffc8d69c">urn:oid:29703a7e-238a-4510-a249-ec68ffc8d69c</a></p><p><b>encounter</b>: <a href="urn:oid:506ab3bc-8efa-40bc-a7ad-1643d467eb4f">urn:oid:506ab3bc-8efa-40bc-a7ad-1643d467eb4f</a></p><p><b>authored</b>: 11 Mar 2020, 04:15:00</p><p><b>author</b>: Dr Gregory Townley</p><blockquote><p><b>item</b></p><p><b>linkId</b>: symptom</p><h3>Items</h3><table class="grid"><tr><td>-</td></tr><tr><td>*</td></tr><tr><td>*</td></tr></table></blockquote><blockquote><p><b>item</b></p><p><b>linkId</b>: symptom</p><h3>Items</h3><table class="grid"><tr><td>-</td></tr><tr><td>*</td></tr><tr><td>*</td></tr></table></blockquote><blockquote><p><b>item</b></p><p><b>linkId</b>: temp</p><p><b>text</b>: Body Temp</p><h3>Items</h3><table class="grid"><tr><td>-</td></tr><tr><td>*</td></tr></table></blockquote><blockquote><p><b>item</b></p><p><b>linkId</b>: travel</p><h3>Items</h3><table class="grid"><tr><td>-</td></tr><tr><td>*</td></tr><tr><td>*</td></tr></table></blockquote></div>
  </text>
  <identifier>
    <system value="urn:uuid"/>
    <value value="ebd4bc35-1369-4ae6-9909-0a12c7462d04"/>
  </identifier>
  <questionnaire value="https://fhir.nhsz.uk/Questionnaire/covid-19-public"/>
  <status value="completed"/>
  <subject>
    <reference value="urn:oid:29703a7e-238a-4510-a249-ec68ffc8d69c"/>
  </subject>
  <encounter>
    <reference value="urn:oid:506ab3bc-8efa-40bc-a7ad-1643d467eb4f"/>
  </encounter>
  <authored value="2020-03-11T14:15:00+10:00"/>
  <author id="A716058C-F9D5-4537-B1E7-D021BD2185A3">
    <identifier>
      <system value="https://fhir.hl7.org.uk/Id/gmc-number"/>
      <value value="G5612908"/>
    </identifier>
    <display value="Dr Gregory Townley"/>
  </author>
<!--    Many groups left out of this example    -->
  <item>
    <linkId value="symptom"/>
    <item>
      <linkId value="symptom-type"/>
      <text value="Symptom"/>
      <answer>
        <valueCoding>
          <system value="http://snomed.info/sct"/>
          <code value="162397003"/>
          <display value="Pain in throat"/>
        </valueCoding>
      </answer>
    </item>
    <item>
      <linkId value="symptom-date"/>
      <text value="Onset"/>
      <answer>
        <valueDate value="2020-03-01"/>
      </answer>
    </item>
  </item>
  <item>
    <linkId value="symptom"/>
    <item>
      <linkId value="symptom-type"/>
      <text value="Symptom"/>
      <answer>
        <valueCoding>
          <system value="http://snomed.info/sct"/>
          <code value="315642008"/>
          <display value="Influenza-like symptoms"/>
        </valueCoding>
      </answer>
    </item>
    <item>
      <linkId value="symptom-date"/>
      <text value="Onset"/>
      <answer>
        <valueDate value="2020-03-01"/>
      </answer>
    </item>
  </item>
  <item>
    <linkId value="temp"/>
    <text value="Body Temp"/>
    <item>
      <linkId value="tempcel"/>
      <text value="Temperature (0-100 Celsius)"/>
      <answer>
        <valueQuantity>
          <system value="http://unitsofmeasure.org"/>
          <value value="35"/>
          <code value="Cel"/>
        </valueQuantity>
      </answer>
    </item>
  </item>
  <item>
    <linkId value="travel"/>
    <item>
      <linkId value="recent"/>
      <text value="Recent Travel"/>
      <answer>
        <valueBoolean value="true"/>
      </answer>
    </item>
    <item>
      <linkId value="dateofreturn"/>
      <text value="Date of Return"/>
      <answer>
        <valueDate value="2020-03-02"/>
      </answer>
    </item>
  </item>
</QuestionnaireResponse>