<?xml version="1.0" encoding="UTF-8"?>

<QuestionnaireResponse xmlns="http://hl7.org/fhir">
<!--    Please not that in this questionnaire, the questions are mostly unnamed, that is, the
     questions are not identified using the <name> element. It will therefore
      be hard to extract useful information in an automated way from this questionnaire.
     This is, however, quite often the case when modeling existing questionnaires    -->
  <id value="covid-template"/>
  <text>
    <status value="generated"/><div xmlns="http://www.w3.org/1999/xhtml"><p><b>Generated Narrative with Details</b></p><p><b>id</b>: covid-template</p><p><b>identifier</b>: ebd4bc35-1369-4ae6-9909-0a12c7462d04</p><p><b>questionnaire</b>: <a href="https://fhir.nhsz.uk/Questionnaire/covid-19-public">https://fhir.nhsz.uk/Questionnaire/covid-19-public</a></p><p><b>subject</b>: <a href="Patient/377">Patient/377</a></p><p><b>encounter</b>: Suspected Covid-19 assessment.v0</p><p><b>authored</b>: 11-Mar-2020 04:15:00</p><p><b>author</b>: <a href="Practitioner/4620">Practitioner/4620</a></p><blockquote><p><b>item</b></p><p><b>linkId</b>: symptom</p><h3>Items</h3><table class="grid"><tr><td>-</td></tr><tr><td>*</td></tr><tr><td>*</td></tr></table></blockquote><blockquote><p><b>item</b></p><p><b>linkId</b>: symptom</p><h3>Items</h3><table class="grid"><tr><td>-</td></tr><tr><td>*</td></tr><tr><td>*</td></tr></table></blockquote><blockquote><p><b>item</b></p><p><b>linkId</b>: temp</p><p><b>text</b>: Body Temp</p><h3>Items</h3><table class="grid"><tr><td>-</td></tr><tr><td>*</td></tr></table></blockquote><blockquote><p><b>item</b></p><p><b>linkId</b>: travel</p><h3>Items</h3><table class="grid"><tr><td>-</td></tr><tr><td>*</td></tr><tr><td>*</td></tr></table></blockquote></div>
  </text>
  <extension url="http://fhir.openhealth.co.uk/Location">
    <extension url="ID">
      <valueString value="4884"/>
    </extension>
    <extension url="GUID">
      <valueString value="37088C97-82FC-4B3E-BDBC-28F2C03B6CB8"/>
    </extension>
    <extension url="Name">
      <valueString value="Partner Programme Test 17"/>
    </extension>
  </extension>
  <extension url="http://fhir.openhealth.co.uk/LocationType">
    <extension url="ID">
      <valueString value="1672871000006114"/>
    </extension>
    <extension url="GUID">
      <valueString value="357EFD4F-7912-DE6E-13B8-D3FACED28522"/>
    </extension>
    <extension url="Name">
      <valueString value="G.P.Surgery"/>
    </extension>
  </extension>
  <identifier>
    <system value="urn:uuid"/>
    <value value="ebd4bc35-1369-4ae6-9909-0a12c7462d04"/>
  </identifier>
  <questionnaire value="https://fhir.nhsz.uk/Questionnaire/covid-19-public"/>
  <subject>
    <reference value="Patient/377"/>
  </subject>
  <encounter>
    <display value="Suspected Covid-19 assessment.v0"/>
  </encounter>
  <authored value="2020-03-11T14:15:00+10:00"/>
  <author id="A716058C-F9D5-4537-B1E7-D021BD2185A3">
    <reference value="Practitioner/4620"/>
  </author>
<!--    Many groups left out of this example    -->
  <item>
    <linkId value="symptom"/>
    <item>
      <linkId value="symptom-type"/>
      <text value="Symptom"/>
      <answer>
        <valueCoding>
          <system value=" http://snomed.info/sct"/>
          <code value="162397003"/>
          <display value="Pain in throat"/>
        </valueCoding>
      </answer>
    </item>
    <item>
      <linkId value="symptom-date"/>
      <text value="Onset"/>
      <answer>
        <valueDate value="2020-03-01"/>
      </answer>
    </item>
  </item>
  <item>
    <linkId value="symptom"/>
    <item>
      <linkId value="symptom-type"/>
      <text value="Symptom"/>
      <answer>
        <valueCoding>
          <system value=" http://snomed.info/sct"/>
          <code value="315642008"/>
          <display value="Influenza-like symptoms"/>
        </valueCoding>
      </answer>
    </item>
    <item>
      <linkId value="symptom-date"/>
      <text value="Onset"/>
      <answer>
        <valueDate value="2020-03-01"/>
      </answer>
    </item>
  </item>
  <item>
    <linkId value="temp"/>
    <text value="Body Temp"/>
    <item>
      <linkId value="tempcel"/>
      <text value="Temperature (0-100 Celsius)"/>
      <answer>
        <valueQuantity>
          <value value="35"/>
          <code value="Cel"/>
        </valueQuantity>
      </answer>
    </item>
  </item>
  <item>
    <linkId value="travel"/>
    <item>
      <linkId value="recent"/>
      <text value="Recent Travel"/>
      <answer>
        <valueBoolean value="true"/>
      </answer>
    </item>
    <item>
      <linkId value="dateofreturn"/>
      <text value="Date of Return"/>
      <answer>
        <valueDate value="2020-03-02"/>
      </answer>
    </item>
  </item>
</QuestionnaireResponse>