{"resourceType":"GraphDefinition","id":"nhs111report-information-model","url":"https://project-wildfyre.github.io/careconnect-messaging-r4/GraphDefinition/nhs111report-information-model","version":"4.0.0","name":"Information Model - NHS 111 Report","status":"draft","date":"2019-03-03T00:00:00+00:00","publisher":"mayfield-is.co.uk","contact":[{"telecom":[{"system":"email","value":"kevin.mayfield@mayfield-is.co.uk"}]}],"description":"Information model based on the NHS 111 ITK Report [Specification](https://data.developer.nhs.uk/dms/IUC-3.0-RC1/Domains/IntegratedUrgentCare/Tabular%20View/POCD_RM200001GB02.html).","jurisdiction":[{"coding":[{"system":"http://unstats.un.org/unsd/methods/m49/m49.htm","code":"826"}]}],"start":"Composition","link":[{"path":"Composition.section[x].entry","sliceName":"informationRecipient","min":1,"max":"*","description":"ITK informationRecipient. The primary information recipients of the clinical documents are usually expected to perform some action on receipt of a CDA document. There can be more than one primary recipient. ","target":[{"type":"Patient","profile":"https://fhir.nhs.uk/R4/StructureDefinition/UKCore-Patient"},{"type":"HeathcareService","profile":"https://fhir.nhs.uk/R4/StructureDefinition/UKCore-HeathcareService"},{"type":"Person","profile":"https://fhir.nhs.uk/R4/StructureDefinition/UKCore-Person"}]},{"path":"Composition.subject","min":1,"max":"1","description":"ITK recordTarget (The patient whose record is the target for the information in the Document.)","target":[{"type":"Patient","profile":"https://fhir.nhs.uk/R4/StructureDefinition/UKCore-Patient"}]},{"path":"Composition.custodian","min":0,"max":"1","description":"Organization which maintains the composition","target":[{"extension":[{"url":"https://fhir.mayfield-is.co.uk/extension-GraphDefinition.targetLinkId","valueString":"#custodian"}],"type":"Organization","profile":"https://fhir.nhs.uk/R4/StructureDefinition/UKCore-Organization"}]},{"path":"Composition.author","min":1,"max":"*","description":"Who and/or what authored the composition","target":[{"extension":[{"url":"https://fhir.mayfield-is.co.uk/extension-GraphDefinition.targetLinkId","valueString":"#consultant"}],"type":"Practitioner","profile":"https://fhir.nhs.uk/R4/StructureDefinition/UKCore-Practitioner"}]},{"path":"Composition.encounter","min":1,"max":"1","description":"Intended 'real-world' recipient for the data","target":[{"extension":[{"url":"https://fhir.mayfield-is.co.uk/extension-GraphDefinition.targetLinkId","valueString":"#encompassingencounter"}],"type":"Encounter","profile":"https://fhir.nhs.uk/R4/StructureDefinition/UKCore-Encounter"}]},{"path":"Composition.section[x].entry","sliceName":"patientDemographicsSection","min":1,"max":"*","description":"Patient being discharged","target":[{"extension":[{"url":"https://fhir.mayfield-is.co.uk/extension-GraphDefinition.targetLinkId","valueString":"#patient"}],"type":"Patient","profile":"https://fhir.nhs.uk/R4/StructureDefinition/UKCore-Patient"}]},{"path":"Composition.section[x].entry","sliceName":"patientDemographicsSection","min":1,"max":"*","description":"Patient being discharged","target":[{"extension":[{"url":"https://fhir.mayfield-is.co.uk/extension-GraphDefinition.targetLinkId","valueString":"#patient"}],"type":"Patient","profile":"https://fhir.nhs.uk/R4/StructureDefinition/UKCore-Patient"}]},{"path":"Composition.section[x].entry","sliceName":"serviceRequest","min":1,"max":"*","description":"Service Required","target":[{"extension":[{"url":"https://fhir.mayfield-is.co.uk/extension-GraphDefinition.targetLinkId","valueString":"#serviceRequest"}],"type":"ReferralRequest","profile":"https://fhir.nhs.uk/R4/StructureDefinition/UKCore-ProcedureRequest"}]},{"path":"Composition.section[x].entry","sliceName":"PermissionToView","min":0,"max":"*","description":"ITK Consent","target":[{"extension":[{"url":"https://fhir.mayfield-is.co.uk/extension-GraphDefinition.targetLinkId","valueString":"#consent"}],"type":"Consent","profile":"https://fhir.nhs.uk/R4/StructureDefinition/UKCore-Consent"}]},{"path":"Composition.section[x].entry","sliceName":"ClinicalDiscriminator","min":0,"max":"*","description":"ITK ClinicalDiscriminator - not sure if structured. Might be clinical impression","target":[{"extension":[{"url":"https://fhir.mayfield-is.co.uk/extension-GraphDefinition.targetLinkId","valueString":"#condition"}],"type":"Condition","profile":"https://fhir.nhs.uk/R4/StructureDefinition/UKCore-Condition"}]},{"path":"Composition.section[x].entry","sliceName":"AppointmentReference","min":0,"max":"*","description":"ITK AppointmentReference - not sure if structured","target":[{"extension":[{"url":"https://fhir.mayfield-is.co.uk/extension-GraphDefinition.targetLinkId","valueString":"#appointment"}],"type":"Appointment","profile":"https://fhir.nhs.uk/R4/StructureDefinition/UKCore-Appointment"}]},{"path":"Composition.section[x].entry","sliceName":"IntegratedCareHistory","min":0,"max":"*","description":"ITK IntegratedCareHistory - not sure if structured","target":[{"extension":[{"url":"https://fhir.mayfield-is.co.uk/extension-GraphDefinition.targetLinkId","valueString":"#pastEncounter"}],"type":"Encounter","profile":"https://fhir.nhs.uk/STU3/StructureDefinition/CareConnect-Encounter-1"}]},{"path":"Composition.section[x].entry","sliceName":"TriageAttachment","min":0,"max":"*","description":"ITK TriageAttachment - This is actually a text blob","target":[{"extension":[{"url":"https://fhir.mayfield-is.co.uk/extension-GraphDefinition.targetLinkId","valueString":"#questionnaireResponse"}],"type":"QuestionnaireResponse","profile":"https://fhir.nhs.uk/R4/StructureDefinition/UKCore-QuestionnaireResponse"}]}]}