{"resourceType":"GraphDefinition","id":"patient-referral-message","url":"https://project-wildfyre.github.io/careconnect-messaging-r4/GraphDefinition/patient-referral-message","version":"4.0.0","name":"Patient Referral FHIR Graph Definition","status":"draft","date":"2019-03-03T00:00:00+00:00","publisher":"mayfield-is.co.uk","contact":[{"telecom":[{"system":"email","value":"kevin.mayfield@mayfield-is.co.uk"}]}],"description":"Patient Referral Message Graph","jurisdiction":[{"coding":[{"system":"http://unstats.un.org/unsd/methods/m49/m49.htm","code":"826"}]}],"start":"MessageHeader","link":[{"id":"#message","path":"Bundle.entry.resource[x]","min":1,"max":"1","description":"MessageHeader. Where the coding and display for the event element is fixed to ‘CH005 - Birth Details’","target":[{"type":"MessageHeader","profile":"https://fhir.nhs.uk/STU3/StructureDefinition/CareConnect-ITK-EDIS-Composition-1","link":[{"path":"MessageHeader.focus","min":1,"max":"1","description":"The focus of the message","target":[{"extension":[{"url":"https://fhir.mayfield-is.co.uk/extension-GraphDefinition.targetLinkId","valueString":"#referralRequest"}],"type":"ServiceRequest","profile":"https://fhir.nhs.uk/R4/StructureDefinition/UKCore-ProcedureRequest"}]}]}]},{"id":"#referralRequest","path":"Bundle.entry.resource[x]","min":0,"max":"*","description":"ITK ServiceRequest - This is a section in a FHIR Document","target":[{"type":"ServiceRequest","profile":"https://fhir.nhs.uk/R4/StructureDefinition/UKCore-ProcedureRequest","link":[{"path":"ServiceRequest.subject","min":1,"max":"1","description":"The patient","target":[{"extension":[{"url":"https://fhir.mayfield-is.co.uk/extension-GraphDefinition.targetLinkId","valueString":"#patient"}],"type":"Patient","profile":"https://fhir.nhs.uk/R4/StructureDefinition/UKCore-Patient"}]},{"path":"ServiceRequest.requester","min":1,"max":"1","description":"Practitioner","target":[{"extension":[{"url":"https://fhir.mayfield-is.co.uk/extension-GraphDefinition.targetLinkId","valueString":"#requestor"}],"type":"Practitioner","profile":"https://fhir.nhs.uk/R4/StructureDefinition/UKCore-Practitioner"}]},{"path":"ServiceRequest.recipient","min":0,"max":"1","description":"Organisation","target":[{"extension":[{"url":"https://fhir.mayfield-is.co.uk/extension-GraphDefinition.targetLinkId","valueString":"#recipientOrganisation  "}],"type":"Organization","profile":"https://fhir.nhs.uk/R4/StructureDefinition/UKCore-Organization"}]},{"path":"ServiceRequest.recipient","min":0,"max":"1","description":"Healthcare Service","target":[{"extension":[{"url":"https://fhir.mayfield-is.co.uk/extension-GraphDefinition.targetLinkId","valueString":"#recipientService"}],"type":"HealthcareService","profile":"https://fhir.nhs.uk/R4/StructureDefinition/UKCore-HealthcareService"}]},{"path":"ServiceRequest.context","min":1,"max":"1","description":"Encompassing Encounter","target":[{"extension":[{"url":"https://fhir.mayfield-is.co.uk/extension-GraphDefinition.targetLinkId","valueString":"#encounter"}],"type":"Encounter","profile":"https://fhir.nhs.uk/R4/StructureDefinition/UKCore-Encounter"}]},{"path":"ServiceRequest.supportingInfo[]","min":0,"max":"1","description":"Supporting information - Triage Block","target":[{"extension":[{"url":"https://fhir.mayfield-is.co.uk/extension-GraphDefinition.targetLinkId","valueString":"#questionnaireResponse"}],"type":"QuestionnaireResponse","profile":"http://hl7.org/fhir/R4/StructureDefinition/QuestionnaireResponse"}]},{"path":"ServiceRequest.supportingInfo[]","min":0,"max":"1","description":"Supporting information - Consent","target":[{"extension":[{"url":"https://fhir.mayfield-is.co.uk/extension-GraphDefinition.targetLinkId","valueString":"#consent"}],"type":"Consent","profile":"http://hl7.org/fhir/R4/StructureDefinition/Consent"}]},{"path":"ServiceRequest.supportingInfo[]","min":0,"max":"1","description":"Supporting information - Clinical Documentation","target":[{"extension":[{"url":"https://fhir.mayfield-is.co.uk/extension-GraphDefinition.targetLinkId","valueString":"#composition"}],"type":"Composition","profile":"http://hl7.org/fhir/R4/StructureDefinition/Composition"}]}]}]},{"id":"#encounter","path":"Bundle.entry.resource[x]","min":1,"max":"1","description":"ITK EncompassingEncounter","target":[{"type":"Encounter","profile":"https://fhir.nhs.uk/R4/StructureDefinition/UKCore-Encounter","link":[{"path":"Encounter.location","min":1,"max":"1","description":"Location","target":[{"extension":[{"url":"https://fhir.mayfield-is.co.uk/extension-GraphDefinition.targetLinkId","valueString":"#location"}],"type":"Location","profile":"https://fhir.nhs.uk/R4/StructureDefinition/UKCore-Location"}]}]}]},{"id":"#recipientOrganisation","path":"Bundle.entry.resource[x]","min":1,"max":"1","description":"Organisation","target":[{"type":"Organization","profile":"https://fhir.nhs.uk/R4/StructureDefinition/UKCore-Organization"}]},{"id":"#recipientService","path":"Bundle.entry.resource[x]","min":1,"max":"1","description":"Healthcare Service","target":[{"type":"HealthcareService","profile":"https://fhir.nhs.uk/R4/StructureDefinition/UKCore-HealthcareService"}]},{"id":"#location","path":"Bundle.entry.resource[x]","min":1,"max":"1","description":"Delivery Location","target":[{"type":"Location","profile":"https://fhir.nhs.uk/R4/StructureDefinition/UKCore-Location"}]},{"id":"#patient","path":"Bundle.entry.resource[0]","min":1,"max":"1","description":"Patient","target":[{"type":"Patient","profile":"https://fhir.nhs.uk/R4/StructureDefinition/UKCore-Patient","link":[{"path":"Patient.generalPractitioner","min":1,"max":"1","description":"Patient usual GP [ITK RecordTarget]","target":[{"type":"Practitioner"}]},{"path":"Patient.managingOrganization[x]","min":1,"max":"1","description":"Patient Surgery [ITK RecordTarget->PatientRole->Organisation]","target":[{"type":"Organization"}]}]}]},{"id":"#requestor","path":"Bundle.entry.resource[x]","min":1,"max":"*","description":"Author or Consultant","target":[{"type":"Practitioner","profile":"https://fhir.nhs.uk/R4/StructureDefinition/UKCore-Practitioner"}]},{"id":"#consent","path":"Bundle.entry.resource[x]","min":0,"max":"*","description":"ITK Consent / ITK Permission to View Section","target":[{"type":"Consent","profile":"https://fhir.nhs.uk/R4/StructureDefinition/UKCore-Consent"}]},{"id":"#questionnaireResponse","path":"Bundle.entry.resource[x]","min":0,"max":"*","description":"ITK Triage Attachment - this is a blob not questionnaire response","target":[{"type":"QuestionnaireResponse","profile":"http://hl7.org/fhir/R4/StructureDefinition/QuestionnaireResponse"}]},{"id":"#composition","path":"Bundle.entry.resource[x]","min":0,"max":"*","description":"Clinical Document","target":[{"type":"Composition","profile":"http://hl7.org/fhir/R4/StructureDefinition/Composition"}]}]}