{"resourceType":"ImplementationGuide","id":"careconnect-messaging-stu3","text":{"status":"generated","div":"<div xmlns=\"http://www.w3.org/1999/xhtml\"><h2>Care Connect Messaing</h2><p>The official URL for this implementation guide is: </p><pre>https://kevinmayfield.github.io/careconnect-api-stu3/ImplementationGuide/careconnect-messaging-stu3</pre><div><p>Demonstration of Care Connect STU3 Implementation Guide to support Messaging</p>\n</div></div>"},"url":"https://kevinmayfield.github.io/careconnect-api-stu3/ImplementationGuide/careconnect-messaging-stu3","name":"Care Connect Messaing","status":"draft","experimental":false,"date":"2019-12-21T16:33:52+00:00","publisher":"mayfield-is.co.uk","contact":[{"telecom":[{"system":"email","value":"kevin.mayfield@mayfield-is.co.uk"}]}],"description":"Demonstration of Care Connect STU3 Implementation Guide to support Messaging","jurisdiction":[{"coding":[{"system":"http://unstats.un.org/unsd/methods/m49/m49.htm","code":"826"}]}],"fhirVersion":"3.0.2","package":[{"id":"uk-examples","name":"CareConnect Examples","description":"These are example instances that show what data produced and consumed by systems conforming with this implementation guide might look like","resource":[{"extension":[{"url":"http://hl7.org/fhir/StructureDefinition/implementationguide-page","valueUri":"Bundle-adta01.html"}],"example":true,"name":"ADT^A01 FHIR Message","description":"ADT^A01 FHIR Message - Admit a patient","sourceReference":{"reference":"Bundle/adta01"}},{"extension":[{"url":"http://hl7.org/fhir/StructureDefinition/implementationguide-page","valueUri":"Bundle-adta02.html"}],"example":true,"name":"ADT^A02 FHIR Message","description":"ADT^A02 FHIR Message - Transfer a patient","sourceReference":{"reference":"Bundle/adta02"}},{"extension":[{"url":"http://hl7.org/fhir/StructureDefinition/implementationguide-page","valueUri":"Bundle-adta03.html"}],"example":true,"name":"ADT^A03 FHIR Message","description":"ADT^A03 FHIR Message - Discharge a patient","sourceReference":{"reference":"Bundle/adta03"}},{"extension":[{"url":"http://hl7.org/fhir/StructureDefinition/implementationguide-page","valueUri":"Bundle-adta04.html"}],"example":true,"name":"ADT^A04 FHIR Message","description":"ADT^A04 FHIR Message - Register a patient","sourceReference":{"reference":"Bundle/adta04"}},{"extension":[{"url":"http://hl7.org/fhir/StructureDefinition/implementationguide-page","valueUri":"Bundle-adta05.html"}],"example":true,"name":"ADT^A05 FHIR Message","description":"ADT^A05 FHIR Message - Pre-Admit a patient","sourceReference":{"reference":"Bundle/adta05"}},{"extension":[{"url":"http://hl7.org/fhir/StructureDefinition/implementationguide-page","valueUri":"Bundle-adta28.html"}],"example":true,"name":"ADT^A28 FHIR Message","description":"ADT^A28 FHIR Message - Add person information","sourceReference":{"reference":"Bundle/adta28"}},{"extension":[{"url":"http://hl7.org/fhir/StructureDefinition/implementationguide-page","valueUri":"Bundle-orur01.html"}],"example":true,"name":"ORU^R01 NEWS2 FHIR Message","description":"ORU^R01 NEWS2 FHIR Message - Unsolicited Transmission Of Requested Information","sourceReference":{"reference":"Bundle/orur01"}},{"extension":[{"url":"http://hl7.org/fhir/StructureDefinition/implementationguide-page","valueUri":"Bundle-orur01-path.html"}],"example":true,"name":"ORU^R01 Pathology FHIR Message","description":"ORU^R01 Pathology FHIR Message - Unsolicited Transmission Of Requested Information","sourceReference":{"reference":"Bundle/orur01-path"}}]}],"page":{"source":"toc.html","title":"Table of Contents","kind":"page","page":[{"source":"index.html","title":"Care Connect Messaging","kind":"resource"},{"source":"hl7v2tofhir.html","title":"HL7v2 to FHIR Conversion","kind":"resource"},{"source":"downloads.html","title":"Useful Downloads","kind":"resource"},{"source":"changes.html","title":"IG Change History","kind":"resource"},{"source":"artifacts.html","title":"Artifacts Summary","kind":"page","page":[{"source":"Bundle-adta01.html","title":"ADT^A01 FHIR Message","kind":"resource"},{"source":"Bundle-adta02.html","title":"ADT^A02 FHIR Message","kind":"resource"},{"source":"Bundle-adta03.html","title":"ADT^A03 FHIR Message","kind":"resource"},{"source":"Bundle-adta04.html","title":"ADT^A04 FHIR Message","kind":"resource"},{"source":"Bundle-adta05.html","title":"ADT^A05 FHIR Message","kind":"resource"},{"source":"Bundle-adta28.html","title":"ADT^A28 FHIR Message","kind":"resource"},{"source":"Bundle-orur01.html","title":"ORU^R01 NEWS2 FHIR Message","kind":"resource"},{"source":"Bundle-orur01-path.html","title":"ORU^R01 Pathology FHIR Message","kind":"resource"}]}]}}