{"resourceType":"ImplementationGuide","id":"careconnect-messaging-r4","text":{"status":"generated","div":"<div xmlns=\"http://www.w3.org/1999/xhtml\"><h2>Care Connect Messaging</h2><p>The official URL for this implementation guide is: </p><pre>https://project-wildfyre.github.io/careconnect-messaging-r4/ImplementationGuide/careconnect-messaging-stu3</pre><div><p>Demonstration of Care Connect STU3 Implementation Guide to support Messaging</p>\n</div></div>"},"url":"https://project-wildfyre.github.io/careconnect-messaging-r4/ImplementationGuide/careconnect-messaging-stu3","version":"4.0.0","name":"Care Connect Messaging","status":"draft","experimental":false,"date":"2020-02-19T12:41:58+00:00","publisher":"mayfield-is.co.uk","contact":[{"telecom":[{"system":"email","value":"kevin.mayfield@mayfield-is.co.uk"}]}],"description":"Demonstration of Care Connect STU3 Implementation Guide to support Messaging","jurisdiction":[{"coding":[{"system":"http://unstats.un.org/unsd/methods/m49/m49.htm","code":"826"}]}],"fhirVersion":"4.0.1","dependency":[{"extension":[{"url":"http://hl7.org/fhir/4.0/StructureDefinition/extension-ImplementationGuide.dependsOn.packageId","valueId":"uk.testcore.r4"},{"url":"http://hl7.org/fhir/4.0/StructureDefinition/extension-ImplementationGuide.dependsOn.version","valueString":"dev"}],"type":"reference"}],"package":[{"id":"_dyn_messagedefinition","name":"Behavior: Message Definitions","description":"These define the types of messages that can be sent and/or received by systems complying with this implementation guide","resource":[{"extension":[{"url":"http://hl7.org/fhir/StructureDefinition/implementationguide-page","valueUri":"MessageDefinition-patient-referral.html"}],"example":false,"name":"Patient Referral","description":"Patient Referral","sourceReference":{"reference":"MessageDefinition/patient-referral"}},{"extension":[{"url":"http://hl7.org/fhir/StructureDefinition/implementationguide-page","valueUri":"MessageDefinition-response-patient-referral.html"}],"example":false,"name":"Response Patient Referral","description":"Response Patient Referral","sourceReference":{"reference":"MessageDefinition/response-patient-referral"}},{"extension":[{"url":"http://hl7.org/fhir/StructureDefinition/implementationguide-page","valueUri":"MessageDefinition-modify-patient-referral.html"}],"example":false,"name":"Modify Patient Referral","description":"Modify Patient Referral","sourceReference":{"reference":"MessageDefinition/modify-patient-referral"}},{"extension":[{"url":"http://hl7.org/fhir/StructureDefinition/implementationguide-page","valueUri":"MessageDefinition-cancel-patient-referral.html"}],"example":false,"name":"Cancel Patient Referral","description":"Cancel Patient Referral","sourceReference":{"reference":"MessageDefinition/cancel-patient-referral"}},{"extension":[{"url":"http://hl7.org/fhir/StructureDefinition/implementationguide-page","valueUri":"MessageDefinition-notification-admit.html"}],"example":false,"name":"Notitification Admission","description":"Admission Notification - care provision started","sourceReference":{"reference":"MessageDefinition/notification-admit"}},{"extension":[{"url":"http://hl7.org/fhir/StructureDefinition/implementationguide-page","valueUri":"MessageDefinition-notification-discharge.html"}],"example":false,"name":"Notitification Discharge","description":"Discharge Notification - patient handed over.","sourceReference":{"reference":"MessageDefinition/notification-discharge"}}]},{"id":"_str_graphdefinition","name":"Structures: Graph Definitions","description":"These define collections of interrelated resources that are useful to pass around as a group","resource":[{"extension":[{"url":"http://hl7.org/fhir/StructureDefinition/implementationguide-page","valueUri":"GraphDefinition-patient-referral-message.html"}],"example":false,"name":"Patient Referral Message Definition","description":"For handover, service request or referral","sourceReference":{"reference":"GraphDefinition/patient-referral-message"}},{"extension":[{"url":"http://hl7.org/fhir/StructureDefinition/implementationguide-page","valueUri":"GraphDefinition-nhs111report-information-model.html"}],"example":false,"name":"Information Model - NHS 111 Report","description":"Information model based on the NHS 111 ITK Report [Specification](https://data.developer.nhs.uk/dms/IUC-3.0-RC1/Domains/IntegratedUrgentCare/Tabular%20View/POCD_RM200001GB02.html).","sourceReference":{"reference":"GraphDefinition/nhs111report-information-model"}},{"extension":[{"url":"http://hl7.org/fhir/StructureDefinition/implementationguide-page","valueUri":"GraphDefinition-nhs111ambulancerequest-information-model.html"}],"example":false,"name":"Information Model - NHS 111 Ambulance Request","description":"This message is a request for an ambulance to be dispatched. It contains the information from a NHS 111 encounter required for an ambulance service to be able to dispatch an ambulance.","sourceReference":{"reference":"GraphDefinition/nhs111ambulancerequest-information-model"}}]},{"id":"_ex_example","name":"Example: Example Instances","description":"These are example instances that show what data produced and consumed by systems conforming with this implementation guide might look like","resource":[{"extension":[{"url":"http://hl7.org/fhir/StructureDefinition/implementationguide-page","valueUri":"Bundle-notification-admit.html"}],"example":true,"name":"notification-admit","description":"Notifiation Admission FHIR Message - Admit a patient","sourceReference":{"reference":"Bundle/notification-admit"}},{"extension":[{"url":"http://hl7.org/fhir/StructureDefinition/implementationguide-page","valueUri":"Bundle-notification-admit-transaction.html"}],"example":true,"name":"notification-admit-transaction","description":"Notifiation Admission FHIR Transaction - Admit a patient","sourceReference":{"reference":"Bundle/notification-admit-transaction"}},{"extension":[{"url":"http://hl7.org/fhir/StructureDefinition/implementationguide-page","valueUri":"Bundle-notification-discharge.html"}],"example":true,"name":"Notification Discharge FHIR Message","description":"Notification Discharge FHIR Message - Discharge a patient","sourceReference":{"reference":"Bundle/notification-discharge"}},{"extension":[{"url":"http://hl7.org/fhir/StructureDefinition/implementationguide-page","valueUri":"Bundle-notification-discharge-transaction.html"}],"example":true,"name":"Notification Discharge FHIR Transaction","description":"Notification Discharge FHIR Transaction - Discharge a patient","sourceReference":{"reference":"Bundle/notification-discharge-transaction"}},{"extension":[{"url":"http://hl7.org/fhir/StructureDefinition/implementationguide-page","valueUri":"Bundle-patient-create.html"}],"example":true,"name":"Patient Create FHIR Message","description":"Patient Create FHIR Message - Add person information","sourceReference":{"reference":"Bundle/patient-create"}},{"extension":[{"url":"http://hl7.org/fhir/StructureDefinition/implementationguide-page","valueUri":"Bundle-patient-create-transaction.html"}],"example":true,"name":"Patient Create FHIR Transaction","description":"Patient Create FHIR Transaction - Add person information","sourceReference":{"reference":"Bundle/patient-create-transaction"}},{"extension":[{"url":"http://hl7.org/fhir/StructureDefinition/implementationguide-page","valueUri":"Bundle-patient-referral.html"}],"example":true,"name":"Patient Referral Example","description":"Patient Referral Example","sourceReference":{"reference":"Bundle/patient-referral"}}]}],"page":{"source":"toc.html","title":"Table of Contents","kind":"page","page":[{"source":"index.html","title":"Care Connect Messaging","kind":"resource"},{"source":"hl7v2tofhir.html","title":"HL7v2 to FHIR Conversion","kind":"resource"},{"source":"adt.html","title":"HL7 v2 and FHIR Admission, Discharge and Transfers","kind":"resource"},{"source":"referrals.html","title":"Referrals (inc Handovers)","kind":"resource"},{"source":"messagedefinitions.html","title":"Message Definitions","kind":"resource"},{"source":"examples.html","title":"Examples","kind":"resource"},{"source":"graphdefinitions.html","title":"Graph Definitions","kind":"resource"},{"source":"downloads.html","title":"Useful Downloads","kind":"resource"},{"source":"changes.html","title":"IG Change History","kind":"resource"},{"source":"artifacts.html","title":"Artifacts Summary","kind":"page","page":[{"source":"MessageDefinition-patient-referral.html","title":"Patient Referral","kind":"resource"},{"source":"MessageDefinition-response-patient-referral.html","title":"Response Patient Referral","kind":"resource"},{"source":"MessageDefinition-modify-patient-referral.html","title":"Modify Patient Referral","kind":"resource"},{"source":"MessageDefinition-cancel-patient-referral.html","title":"Cancel Patient Referral","kind":"resource"},{"source":"MessageDefinition-notification-admit.html","title":"Notitification Admission","kind":"resource"},{"source":"MessageDefinition-notification-discharge.html","title":"Notitification Discharge","kind":"resource"},{"source":"GraphDefinition-patient-referral-message.html","title":"Patient Referral Message Definition","kind":"resource"},{"source":"GraphDefinition-nhs111report-information-model.html","title":"Information Model - NHS 111 Report","kind":"resource"},{"source":"GraphDefinition-nhs111ambulancerequest-information-model.html","title":"Information Model - NHS 111 Ambulance Request","kind":"resource"},{"source":"Bundle-notification-admit.html","title":"notification-admit","kind":"resource"},{"source":"Bundle-notification-admit-transaction.html","title":"notification-admit-transaction","kind":"resource"},{"source":"Bundle-notification-discharge.html","title":"Notification Discharge FHIR Message","kind":"resource"},{"source":"Bundle-notification-discharge-transaction.html","title":"Notification Discharge FHIR Transaction","kind":"resource"},{"source":"Bundle-patient-create.html","title":"Patient Create FHIR Message","kind":"resource"},{"source":"Bundle-patient-create-transaction.html","title":"Patient Create FHIR Transaction","kind":"resource"},{"source":"Bundle-patient-referral.html","title":"Patient Referral Example","kind":"resource"}]}]}}