{"resourceType":"MessageDefinition","id":"modify-patient-referral","url":"https://kevinmayfield.github.io/raphael/MessageDefinition/modify-patient-referral","identifier":{"system":"https://tools.ietf.org/html/rfc4122","value":"c81b88dc-760e-4b1e-9cdb-c5f853630664"},"version":"3.0.0","title":"Modify Patient Referral","status":"active","date":"2019-08-22T12:49:51+01:00","publisher":"mayfield-is.co.uk","contact":[{"telecom":[{"system":"email","value":"kevin.mayfield@mayfield-is.co.uk"}]}],"jurisdiction":[{"coding":[{"system":"http://unstats.un.org/unsd/methods/m49/m49.htm","code":"826"}]}],"copyright":"Copyright © 2020 NHS Digital","event":{"system":"https://fhir.nhs.uk/STU3/CodeSystem/ITK-MessageEvent-2","code":"modify-patient-referral","display":"Modify Patient Referral"},"category":"Notification","focus":[{"code":"ReferralRequest","profile":{"reference":"https://fhir.hl7.org.uk/STU3/StructureDefinition/CareConnect-ReferralRequest-1"},"min":1,"max":"1"}]}