<?xml version="1.0" encoding="UTF-8"?><CapabilityStatement xmlns="http://hl7.org/fhir"><id value="diagnostic-messaging"/><text><status value="generated"/><div xmlns="http://www.w3.org/1999/xhtml"><h2>Diagnostic Messaging Support</h2><div><p>Minimal conformance requirements for a diagnostic messaging service</p>
</div><table><tr><td>Mode</td><td>SERVER</td></tr><tr><td>Description</td><td/></tr><tr><td>Transaction</td><td></td></tr><tr><td>System History</td><td></td></tr><tr><td>System Search</td><td></td></tr></table><table><tr><th><b>Resource Type</b></th><th><b>Profile</b></th><th><b title="GET a resource (read interaction)">Read</b></th><th><b title="GET all set of resources of the type (search interaction)">Search</b></th><th><b title="PUT a new resource version (update interaction)">Update</b></th><th><b title="POST a new resource (create interaction)">Create</b></th></tr></table></div></text><url value="https://project-wildfyre.github.io/careconnect-messaging-r4/CapabilityStatement/diagnostic-messaging"/><version value="4.0.0"/><name value="Diagnostic Messaging Support"/><status value="active"/><date value="2020-04-24T08:29:28+01:00"/><publisher value="gmdigitialplatforms.nhs.uk"/><contact><telecom><system value="email"/><value value="mailto:kevin.mayfield1@nhs.net"/></telecom></contact><description value="Minimal conformance requirements for a diagnostic messaging service"/><jurisdiction><coding><system value="http://unstats.un.org/unsd/methods/m49/m49.htm"/><code value="826"/></coding></jurisdiction><kind value="instance"/><fhirVersion value="4.0.1"/><format value="application/fhir+json"/><format value="application/fhir+json"/><rest><mode value="server"/><security><service><coding><system value="http://terminology.hl7.org/CodeSystem/restful-security-service"/><code value="OAuth"/><display value="OAuth2 Token"/></coding></service></security><operation><name value="validate"/><definition value="http://hl7.org/fhir/OperationDefinition/Resource-validate"/></operation><operation><name value="process-message"/><definition value="http://hl7.org/fhir/OperationDefinition/MessageHeader-process-message"/></operation></rest><messaging><supportedMessage><mode value="receiver"/><definition value="https://project-wildfyre.github.io/careconnect-messaging-r4/MessageDefinition/unsolicited-observation"/></supportedMessage></messaging></CapabilityStatement>