<?xml version="1.0" encoding="UTF-8"?><CodeSystem xmlns="http://hl7.org/fhir"><id value="message-events"/><text><status value="generated"/><div xmlns="http://www.w3.org/1999/xhtml"><h2>Message Events</h2><div><p>NHS Greater Manchester Messages</p>
</div><p>This code system https://fhir.gmdigitalplatforms.nhs.uk/CodeSystem/openehr-presence defines the following codes:</p><table class="codes"><tr><td style="white-space:nowrap"><b>Code</b></td><td><b>Display</b></td><td><b>Definition</b></td></tr><tr><td style="white-space:nowrap">unsolicited-observation-message<a name="message-events-unsolicited-observation-message"> </a></td><td>Unsolicited transmission of an observation message</td><td/></tr></table></div></text><url value="https://fhir.gmdigitalplatforms.nhs.uk/CodeSystem/openehr-presence"/><identifier><system value="http://fhir.gmdigitalplatforms.nhs.uk/identifiers/codesystems"/><value value="message-events"/></identifier><version value="4.0.0"/><name value="Message Events"/><title value="Message Events"/><status value="draft"/><experimental value="true"/><date value="2020-01-28T00:00:00+00:00"/><publisher value="mayfield-is.co.uk"/><contact><telecom><system value="email"/><value value="mailto:kevin.mayfield1@nhs.net"/></telecom></contact><description value="NHS Greater Manchester Messages"/><jurisdiction><coding><system value="http://unstats.un.org/unsd/methods/m49/m49.htm"/><code value="826"/></coding></jurisdiction><caseSensitive value="true"/><content value="complete"/><concept><code value="unsolicited-observation-message"/><display value="Unsolicited transmission of an observation message"/></concept></CodeSystem>