<?xml version="1.0" encoding="UTF-8"?><CodeSystem xmlns="http://hl7.org/fhir"><id value="openehr-presence"/><text><status value="generated"/><div xmlns="http://www.w3.org/1999/xhtml"><h2>Presence CodeSystem</h2><div><p>This is a code system extracted from openEhr COVID-19 Template</p>
</div><p>This code system https://project-wildfyre.github.io/careconnect-messaging-r4/CodeSystem/openehr-presence defines the following codes:</p><table class="codes"><tr><td style="white-space:nowrap"><b>Code</b></td><td><b>Display</b></td><td><b>Definition</b></td></tr><tr><td style="white-space:nowrap">present<a name="openehr-presence-present"> </a></td><td>Present</td><td/></tr><tr><td style="white-space:nowrap">absent<a name="openehr-presence-absent"> </a></td><td>Absent</td><td/></tr><tr><td style="white-space:nowrap">unknown<a name="openehr-presence-unknown"> </a></td><td>Unknown</td><td/></tr></table></div></text><url value="https://project-wildfyre.github.io/careconnect-messaging-r4/CodeSystem/openehr-presence"/><identifier><system value="http://fhir.nhsz.uk/identifiers/codesystems"/><value value="openehr-presence"/></identifier><version value="4.0.0"/><name value="Presence"/><title value="Presence CodeSystem"/><status value="draft"/><experimental value="true"/><date value="2020-01-28T00:00:00+00:00"/><publisher value="mayfield-is.co.uk"/><contact><telecom><system value="email"/><value value="mailto:kevin.mayfield1@nhs.net"/></telecom></contact><description value="This is a code system extracted from openEhr COVID-19 Template"/><jurisdiction><coding><system value="http://unstats.un.org/unsd/methods/m49/m49.htm"/><code value="826"/></coding></jurisdiction><caseSensitive value="true"/><content value="complete"/><concept><code value="present"/><display value="Present"/></concept><concept><code value="absent"/><display value="Absent"/></concept><concept><code value="unknown"/><display value="Unknown"/></concept></CodeSystem>