<?xml version="1.0" encoding="UTF-8"?><GraphDefinition xmlns="http://hl7.org/fhir"><id value="nhs111report-information-model"/><url value="https://project-wildfyre.github.io/careconnect-messaging-r4/GraphDefinition/nhs111report-information-model"/><version value="4.0.0"/><name value="Information Model - NHS 111 Report"/><status value="draft"/><date value="2019-03-03T00:00:00+00:00"/><publisher value="mayfield-is.co.uk"/><contact><telecom><system value="email"/><value value="kevin.mayfield@mayfield-is.co.uk"/></telecom></contact><description value="Information model based on the NHS 111 ITK Report [Specification](https://data.developer.nhs.uk/dms/IUC-3.0-RC1/Domains/IntegratedUrgentCare/Tabular%20View/POCD_RM200001GB02.html)."/><jurisdiction><coding><system value="http://unstats.un.org/unsd/methods/m49/m49.htm"/><code value="826"/></coding></jurisdiction><start value="Composition"/><profile value="http://hl7.org/fhir/R4/StructureDefinition/Composition"/><link id="#composition"><path value="Bundle.entry.resource[x]"/><min value="1"/><max value="1"/><description value="The document. This is the focus of the message"/><target><type value="Composition"/><profile value="http://hl7.org/fhir/R4/StructureDefinition/Composition"/><link><path value="Composition.author"/><min value="1"/><max value="*"/><description value="It holds details of how and when the author authored the document."/><target><type value="Person"/><profile value="http://hl7.org/fhir/R4/StructureDefinition/Person"/></target><target><extension url="https://fhir.mayfield-is.co.uk/extension-GraphDefinition.targetLinkId"><valueString value="#author"/></extension><type value="Practitioner"/><profile value="http://hl7.org/fhir/R4/StructureDefinition/Practitioner"/></target><target><type value="Device"/><profile value="http://hl7.org/fhir/R4/StructureDefinition/Device"/></target></link><link><path value="Composition.subject"/><min value="1"/><max value="1"/><description value="ITK recordTarget (The patient whose record is the target for the information in the Document.)"/><target><extension url="https://fhir.mayfield-is.co.uk/extension-GraphDefinition.targetLinkId"><valueString value="#patient"/></extension><type value="Patient"/><profile value="http://hl7.org/fhir/R4/StructureDefinition/Patient"/></target></link><link><path value="Composition.custodian"/><min value="1"/><max value="1"/><description value="The custodian is the legal owner of the document and is the organisation responsible for maintaining the information in the document."/><target><extension url="https://fhir.mayfield-is.co.uk/extension-GraphDefinition.targetLinkId"><valueString value="#custodian"/></extension><type value="Organization"/><profile value="http://hl7.org/fhir/R4/StructureDefinition/Organization"/></target></link><link><path value="Composition.section[x].entry"/><sliceName value="informationRecipient"/><min value="1"/><max value="*"/><description value="ITK informationRecipient. The primary information recipients of the clinical documents are usually expected to perform some action on receipt of a CDA document. There can be more than one primary recipient. "/><target><type value="Patient"/><profile value="http://hl7.org/fhir/R4/StructureDefinition/Patient"/></target><target><extension url="https://fhir.mayfield-is.co.uk/extension-GraphDefinition.targetLinkId"><valueString value="#recipientService"/></extension><type value="HeathcareService"/><profile value="http://hl7.org/fhir/R4/StructureDefinition/HeathcareService"/></target><target><type value="Person"/><profile value="http://hl7.org/fhir/R4/StructureDefinition/Person"/></target></link><link><path value="Composition.section[x].entry"/><sliceName value="informant"/><min value="1"/><max value="*"/><description value="An informant is a person who informed the author about information contained in the document."/><target><type value="Person"/><profile value="http://hl7.org/fhir/R4/StructureDefinition/Person"/></target><target><type value="Organization"/><profile value="http://hl7.org/fhir/R4/StructureDefinition/Organization"/></target></link><link><path value="Composition.relatesTo.target[x]"/><min value="0"/><max value="*"/><description value="This is a related document relationship it links the current document to a related document."/><target><type value="Composition"/><profile value="http://hl7.org/fhir/R4/StructureDefinition/Composition"/></target></link><link><path value="Composition.encounter"/><min value="1"/><max value="1"/><description value="This is a component of relationship it is used to link the document header to the EncompassingEncounter that the document is documenting."/><target><extension url="https://fhir.mayfield-is.co.uk/extension-GraphDefinition.targetLinkId"><valueString value="#encompassingEncounter"/></extension><type value="Encounter"/><profile value="http://hl7.org/fhir/R4/StructureDefinition/Encounter"/></target></link><link><path value="Composition.section[x].entry"/><sliceName value="participant"/><min value="1"/><max value="*"/><description value="Participants are people, organisations or devices that are involved in some way with the CDA document."/><target><type value="Person"/><profile value="http://hl7.org/fhir/R4/StructureDefinition/Person"/></target><target><type value="Organization"/><profile value="http://hl7.org/fhir/R4/StructureDefinition/Organization"/></target></link><link><path value="Composition.section[x].entry"/><sliceName value="documentationOf"/><min value="0"/><max value="*"/><description value="A ServiceEvent can further specialize the act inherent in the ClinicalDocument.code, such as where the Composition.code is simply &#39;Procedure Report&#39; and the procedure was a &#39;colonoscopy&#39;."/><target><extension url="https://fhir.mayfield-is.co.uk/extension-GraphDefinition.targetLinkId"><valueString value="#serviceRequest"/></extension><type value="ServiceRequest"/><profile value="http://hl7.org/fhir/R4/StructureDefinition/ServiceRequest"/></target></link><link><path value="Composition.section[x].entry"/><sliceName value="authorization"/><min value="0"/><max value="*"/><description value="Details of the authorisation associated with the document"/><target><extension url="https://fhir.mayfield-is.co.uk/extension-GraphDefinition.targetLinkId"><valueString value="#authorisation"/></extension><type value="Consent"/><profile value="http://hl7.org/fhir/R4/StructureDefinition/Consent"/></target></link><link><path value="Composition.section[x].entry"/><sliceName value="patientDemographicsSection"/><min value="1"/><max value="*"/><description value="Patient details - unable to locate in the CDA document"/><target><extension url="https://fhir.mayfield-is.co.uk/extension-GraphDefinition.targetLinkId"><valueString value="#patient"/></extension><type value="Patient"/><profile value="http://hl7.org/fhir/R4/StructureDefinition/Patient"/></target></link><link><path value="Composition.section[x].entry"/><sliceName value="TriageAttachment"/><min value="0"/><max value="*"/><description value="ITK TriageAttachment - This is a base 64 encoded export of Pathway in JSON format"/><target><extension url="https://fhir.mayfield-is.co.uk/extension-GraphDefinition.targetLinkId"><valueString value="#triagePathways"/></extension><type value="Binary"/><profile value="http://hl7.org/fhir/R4/StructureDefinition/Binary"/></target></link><link><path value="Composition.section[x].entry"/><sliceName value="PermissionToView"/><min value="0"/><max value="*"/><description value="The Permission to View template details the permission to view the care record associated with this message."/><target><extension url="https://fhir.mayfield-is.co.uk/extension-GraphDefinition.targetLinkId"><valueString value="#permissionToView"/></extension><type value="Consent"/><profile value="http://hl7.org/fhir/R4/StructureDefinition/Consent"/></target></link><link><path value="Composition.section[x].entry"/><sliceName value="NHS111TextSection"/><min value="0"/><max value="*"/><description value="Document Text"/></link></target></link><link id="#patient"><path value="Bundle.entry.resource[0]"/><min value="1"/><max value="1"/><description value="Patient"/><target><type value="Patient"/><profile value="http://hl7.org/fhir/R4/StructureDefinition/Patient"/></target></link><link id="#authorisation"><path value="Bundle.entry.resource[x]"/><min value="0"/><max value="*"/><description value="Details of the authorisation associated with the document"/><target><type value="Consent"/><profile value="http://hl7.org/fhir/R4/StructureDefinition/Consent"/></target></link><link id="#permissionToView"><path value="Bundle.entry.resource[x]"/><min value="0"/><max value="*"/><description value="ITK Consent / ITK Permission to View Section"/><target><type value="Consent"/><profile value="http://hl7.org/fhir/R4/StructureDefinition/Consent"/></target></link><link id="#triagePathways"><path value="Bundle.entry.resource[x]"/><min value="0"/><max value="*"/><description value="ITK TriageAttachment - This is a base 64 encoded export of Pathway in JSON format"/><target><type value="Binary"/><profile value="http://hl7.org/fhir/R4/StructureDefinition/Binary"/></target></link><link id="#encompassingEncounter"><path value="Bundle.entry.resource[x]"/><min value="1"/><max value="1"/><description value="This is a component of relationship it is used to link the document header to the EncompassingEncounter that the document is documenting."/><target><type value="Encounter"/><profile value="http://hl7.org/fhir/R4/StructureDefinition/Encounter"/></target></link><link id="#serviceRequest"><path value="Bundle.entry.resource[x]"/><min value="0"/><max value="*"/><description value="A ServiceEvent can further specialize the act inherent in the ClinicalDocument.code, such as where the Composition.code is simply &#39;Procedure Report&#39; and the procedure was a &#39;colonoscopy&#39;."/><target><type value="ServiceRequest"/><profile value="http://hl7.org/fhir/R4/StructureDefinition/ServiceRequest"/><link><path value="ServiceRequest.subject"/><min value="1"/><max value="1"/><description value="The patient"/><target><extension url="https://fhir.mayfield-is.co.uk/extension-GraphDefinition.targetLinkId"><valueString value="#patient"/></extension><type value="Patient"/><profile value="http://hl7.org/fhir/R4/StructureDefinition/Patient"/></target></link><link><path value="ServiceRequest.encounter"/><min value="1"/><max value="1"/><description value="Encompassing Encounter"/><target><extension url="https://fhir.mayfield-is.co.uk/extension-GraphDefinition.targetLinkId"><valueString value="#encompassingEncounter"/></extension><type value="Encounter"/><profile value="http://hl7.org/fhir/R4/StructureDefinition/Encounter"/></target></link><link><path value="ServiceRequest.requester"/><min value="1"/><max value="1"/><description value="Who is requesting the serviceRequest. Not clear from ITK CDA Message"/><target><extension url="https://fhir.mayfield-is.co.uk/extension-GraphDefinition.targetLinkId"><valueString value="#author"/></extension><type value="Practitioner"/><profile value="http://hl7.org/fhir/R4/StructureDefinition/Practitioner"/></target><target><extension url="https://fhir.mayfield-is.co.uk/extension-GraphDefinition.targetLinkId"><valueString value="#custodian"/></extension><type value="Organization"/><profile value="http://hl7.org/fhir/R4/StructureDefinition/Organization"/></target></link><link><path value="ServiceRequest.performer[x]"/><min value="1"/><max value="*"/><description value="ITK informationRecipient. The primary information recipients of the service request are usually expected to perform some action on receipt of a CDA document. There can be more than one primary recipient."/><target><extension url="https://fhir.mayfield-is.co.uk/extension-GraphDefinition.targetLinkId"><valueString value="#recipientService"/></extension><type value="HealthcareService"/><profile value="http://hl7.org/fhir/R4/StructureDefinition/HealthcareService"/></target></link><link><path value="ServiceRequest.supportingInfo[]"/><min value="0"/><max value="1"/><description value="Supporting information - Triage Block"/><target><extension url="https://fhir.mayfield-is.co.uk/extension-GraphDefinition.targetLinkId"><valueString value="#triagePathways"/></extension><type value="Binary"/><profile value="http://hl7.org/fhir/R4/StructureDefinition/Binary"/></target></link><link><path value="ServiceRequest.supportingInfo[]"/><min value="0"/><max value="*"/><description value="Authorisation"/><target><extension url="https://fhir.mayfield-is.co.uk/extension-GraphDefinition.targetLinkId"><valueString value="#authorisation"/></extension><type value="Consent"/><profile value="http://hl7.org/fhir/R4/StructureDefinition/Consent"/></target></link><link><path value="ServiceRequest.supportingInfo[]"/><min value="0"/><max value="*"/><description value="Permission To View"/><target><extension url="https://fhir.mayfield-is.co.uk/extension-GraphDefinition.targetLinkId"><valueString value="#permissionToView"/></extension><type value="Consent"/><profile value="http://hl7.org/fhir/R4/StructureDefinition/Consent"/></target></link></target></link><link id="#author"><path value="Bundle.entry.resource[x]"/><min value="1"/><max value="1"/><description value="It holds details of how and when the author authored the document."/><target><type value="Practitioner"/><profile value="http://hl7.org/fhir/R4/StructureDefinition/Practitioner"/></target></link><link id="#custodian"><path value="Bundle.entry.resource[x]"/><min value="1"/><max value="1"/><description value="It holds details of how and when the author authored the document."/><target><type value="Organization"/><profile value="http://hl7.org/fhir/R4/StructureDefinition/Organization"/></target></link><link id="#recipientService"><path value="Bundle.entry.resource[x]"/><min value="1"/><max value="*"/><description value="ITK informationRecipient. The primary information recipients of the clinical documents are usually expected to perform some action on receipt of a CDA document. There can be more than one primary recipient."/><target><type value="HealthcareService"/><profile value="http://hl7.org/fhir/R4/StructureDefinition/HealthcareService"/></target></link></GraphDefinition>