<?xml version="1.0" encoding="UTF-8"?><GraphDefinition xmlns="http://hl7.org/fhir"><id value="patient-referral-message"/><url value="https://project-wildfyre.github.io/careconnect-messaging-r4/GraphDefinition/patient-referral-message"/><version value="4.0.0"/><name value="Patient Referral FHIR Graph Definition"/><status value="draft"/><date value="2019-03-03T00:00:00+00:00"/><publisher value="mayfield-is.co.uk"/><contact><telecom><system value="email"/><value value="kevin.mayfield@mayfield-is.co.uk"/></telecom></contact><description value="Patient Referral Message Graph"/><jurisdiction><coding><system value="http://unstats.un.org/unsd/methods/m49/m49.htm"/><code value="826"/></coding></jurisdiction><start value="MessageHeader"/><link id="#message"><path value="Bundle.entry.resource[x]"/><min value="1"/><max value="1"/><description value="MessageHeader. Where the coding and display for the event element is fixed to &#x2018;CH005 - Birth Details&#x2019;"/><target><type value="MessageHeader"/><profile value="https://fhir.nhs.uk/STU3/StructureDefinition/CareConnect-ITK-EDIS-Composition-1"/><link><path value="MessageHeader.focus"/><min value="1"/><max value="1"/><description value="The focus of the message"/><target><extension url="https://fhir.mayfield-is.co.uk/extension-GraphDefinition.targetLinkId"><valueString value="#referralRequest"/></extension><type value="ServiceRequest"/><profile value="https://fhir.nhs.uk/R4/StructureDefinition/UKCore-ProcedureRequest"/></target></link></target></link><link id="#referralRequest"><path value="Bundle.entry.resource[x]"/><min value="0"/><max value="*"/><description value="ITK ServiceRequest - This is a section in a FHIR Document"/><target><type value="ServiceRequest"/><profile value="https://fhir.nhs.uk/R4/StructureDefinition/UKCore-ProcedureRequest"/><link><path value="ServiceRequest.subject"/><min value="1"/><max value="1"/><description value="The patient"/><target><extension url="https://fhir.mayfield-is.co.uk/extension-GraphDefinition.targetLinkId"><valueString value="#patient"/></extension><type value="Patient"/><profile value="https://fhir.nhs.uk/R4/StructureDefinition/UKCore-Patient"/></target></link><link><path value="ServiceRequest.requester"/><min value="1"/><max value="1"/><description value="Practitioner"/><target><extension url="https://fhir.mayfield-is.co.uk/extension-GraphDefinition.targetLinkId"><valueString value="#requestor"/></extension><type value="Practitioner"/><profile value="https://fhir.nhs.uk/R4/StructureDefinition/UKCore-Practitioner"/></target></link><link><path value="ServiceRequest.recipient"/><min value="0"/><max value="1"/><description value="Organisation"/><target><extension url="https://fhir.mayfield-is.co.uk/extension-GraphDefinition.targetLinkId"><valueString value="#recipientOrganisation  "/></extension><type value="Organization"/><profile value="https://fhir.nhs.uk/R4/StructureDefinition/UKCore-Organization"/></target></link><link><path value="ServiceRequest.recipient"/><min value="0"/><max value="1"/><description value="Healthcare Service"/><target><extension url="https://fhir.mayfield-is.co.uk/extension-GraphDefinition.targetLinkId"><valueString value="#recipientService"/></extension><type value="HealthcareService"/><profile value="https://fhir.nhs.uk/R4/StructureDefinition/UKCore-HealthcareService"/></target></link><link><path value="ServiceRequest.context"/><min value="1"/><max value="1"/><description value="Encompassing Encounter"/><target><extension url="https://fhir.mayfield-is.co.uk/extension-GraphDefinition.targetLinkId"><valueString value="#encounter"/></extension><type value="Encounter"/><profile value="https://fhir.nhs.uk/R4/StructureDefinition/UKCore-Encounter"/></target></link><link><path value="ServiceRequest.supportingInfo[]"/><min value="0"/><max value="1"/><description value="Supporting information - Triage Block"/><target><extension url="https://fhir.mayfield-is.co.uk/extension-GraphDefinition.targetLinkId"><valueString value="#questionnaireResponse"/></extension><type value="QuestionnaireResponse"/><profile value="http://hl7.org/fhir/R4/StructureDefinition/QuestionnaireResponse"/></target></link><link><path value="ServiceRequest.supportingInfo[]"/><min value="0"/><max value="1"/><description value="Supporting information - Consent"/><target><extension url="https://fhir.mayfield-is.co.uk/extension-GraphDefinition.targetLinkId"><valueString value="#consent"/></extension><type value="Consent"/><profile value="http://hl7.org/fhir/R4/StructureDefinition/Consent"/></target></link><link><path value="ServiceRequest.supportingInfo[]"/><min value="0"/><max value="1"/><description value="Supporting information - Clinical Documentation"/><target><extension url="https://fhir.mayfield-is.co.uk/extension-GraphDefinition.targetLinkId"><valueString value="#composition"/></extension><type value="Composition"/><profile value="http://hl7.org/fhir/R4/StructureDefinition/Composition"/></target></link></target></link><link id="#encounter"><path value="Bundle.entry.resource[x]"/><min value="1"/><max value="1"/><description value="ITK EncompassingEncounter"/><target><type value="Encounter"/><profile value="https://fhir.nhs.uk/R4/StructureDefinition/UKCore-Encounter"/><link><path value="Encounter.location"/><min value="1"/><max value="1"/><description value="Location"/><target><extension url="https://fhir.mayfield-is.co.uk/extension-GraphDefinition.targetLinkId"><valueString value="#location"/></extension><type value="Location"/><profile value="https://fhir.nhs.uk/R4/StructureDefinition/UKCore-Location"/></target></link></target></link><link id="#recipientOrganisation"><path value="Bundle.entry.resource[x]"/><min value="1"/><max value="1"/><description value="Organisation"/><target><type value="Organization"/><profile value="https://fhir.nhs.uk/R4/StructureDefinition/UKCore-Organization"/></target></link><link id="#recipientService"><path value="Bundle.entry.resource[x]"/><min value="1"/><max value="1"/><description value="Healthcare Service"/><target><type value="HealthcareService"/><profile value="https://fhir.nhs.uk/R4/StructureDefinition/UKCore-HealthcareService"/></target></link><link id="#location"><path value="Bundle.entry.resource[x]"/><min value="1"/><max value="1"/><description value="Delivery Location"/><target><type value="Location"/><profile value="https://fhir.nhs.uk/R4/StructureDefinition/UKCore-Location"/></target></link><link id="#patient"><path value="Bundle.entry.resource[0]"/><min value="1"/><max value="1"/><description value="Patient"/><target><type value="Patient"/><profile value="https://fhir.nhs.uk/R4/StructureDefinition/UKCore-Patient"/><link><path value="Patient.generalPractitioner"/><min value="1"/><max value="1"/><description value="Patient usual GP [ITK RecordTarget]"/><target><type value="Practitioner"/></target></link><link><path value="Patient.managingOrganization[x]"/><min value="1"/><max value="1"/><description value="Patient Surgery [ITK RecordTarget-&gt;PatientRole-&gt;Organisation]"/><target><type value="Organization"/></target></link></target></link><link id="#requestor"><path value="Bundle.entry.resource[x]"/><min value="1"/><max value="*"/><description value="Author or Consultant"/><target><type value="Practitioner"/><profile value="https://fhir.nhs.uk/R4/StructureDefinition/UKCore-Practitioner"/></target></link><link id="#consent"><path value="Bundle.entry.resource[x]"/><min value="0"/><max value="*"/><description value="ITK Consent / ITK Permission to View Section"/><target><type value="Consent"/><profile value="https://fhir.nhs.uk/R4/StructureDefinition/UKCore-Consent"/></target></link><link id="#questionnaireResponse"><path value="Bundle.entry.resource[x]"/><min value="0"/><max value="*"/><description value="ITK Triage Attachment - this is a blob not questionnaire response"/><target><type value="QuestionnaireResponse"/><profile value="http://hl7.org/fhir/R4/StructureDefinition/QuestionnaireResponse"/></target></link><link id="#composition"><path value="Bundle.entry.resource[x]"/><min value="0"/><max value="*"/><description value="Clinical Document"/><target><type value="Composition"/><profile value="http://hl7.org/fhir/R4/StructureDefinition/Composition"/></target></link></GraphDefinition>