<?xml version="1.0" encoding="UTF-8"?><ImplementationGuide xmlns="http://hl7.org/fhir"><id value="careconnect-messaging-r4"/><text><status value="generated"/><div xmlns="http://www.w3.org/1999/xhtml"><h2>Care Connect Messaging</h2><p>The official URL for this implementation guide is: </p><pre>https://project-wildfyre.github.io/careconnect-messaging-r4/ImplementationGuide/careconnect-messaging-r4</pre><div><p>Demonstration of Care Connect STU3 Implementation Guide to support Messaging</p>
</div></div></text><url value="https://project-wildfyre.github.io/careconnect-messaging-r4/ImplementationGuide/careconnect-messaging-r4"/><version value="4.0.0"/><name value="Care Connect Messaging"/><status value="draft"/><experimental value="false"/><date value="2020-05-14T11:06:53+01:00"/><publisher value="gmdigitialplatforms.nhs.uk"/><contact><telecom><system value="email"/><value value="mailto:kevin.mayfield1@nhs.net"/></telecom></contact><description value="Demonstration of Care Connect STU3 Implementation Guide to support Messaging"/><jurisdiction><coding><system value="http://unstats.un.org/unsd/methods/m49/m49.htm"/><code value="826"/></coding></jurisdiction><packageId value="careconnect.messaging.r4"/><license value="CC0-1.0"/><fhirVersion value="4.0.1"/><dependsOn><uri value="https://project-wildfyre.github.io/uk-testcore-r4/ImplementationGuide/uk.testcore.r4"/><packageId value="uk.testcore.r4"/><version value="dev"/></dependsOn><definition><extension url="http://hl7.org/fhir/tools/StructureDefinition/ig-parameter"><extension url="code"><valueString value="copyrightyear"/></extension><extension url="value"><valueString value="2020+"/></extension></extension><extension url="http://hl7.org/fhir/tools/StructureDefinition/ig-parameter"><extension url="code"><valueString value="releaselabel"/></extension><extension url="value"><valueString value="CI Build"/></extension></extension><extension url="http://hl7.org/fhir/tools/StructureDefinition/ig-parameter"><extension url="code"><valueString value="autoload-resources"/></extension><extension url="value"><valueString value="true"/></extension></extension><extension url="http://hl7.org/fhir/tools/StructureDefinition/ig-parameter"><extension url="code"><valueString value="path-liquid"/></extension><extension url="value"><valueString value="template/liquid"/></extension></extension><extension url="http://hl7.org/fhir/tools/StructureDefinition/ig-parameter"><extension url="code"><valueString value="path-liquid"/></extension><extension url="value"><valueString value="input/liquid"/></extension></extension><extension url="http://hl7.org/fhir/tools/StructureDefinition/ig-parameter"><extension url="code"><valueString value="path-qa"/></extension><extension url="value"><valueString value="temp/qa"/></extension></extension><extension url="http://hl7.org/fhir/tools/StructureDefinition/ig-parameter"><extension url="code"><valueString value="path-temp"/></extension><extension url="value"><valueString value="temp/pages"/></extension></extension><extension url="http://hl7.org/fhir/tools/StructureDefinition/ig-parameter"><extension url="code"><valueString value="path-output"/></extension><extension url="value"><valueString value="output"/></extension></extension><extension url="http://hl7.org/fhir/tools/StructureDefinition/ig-parameter"><extension url="code"><valueString value="path-suppressed-warnings"/></extension><extension url="value"><valueString value="input/ignoreWarnings.txt"/></extension></extension><extension url="http://hl7.org/fhir/tools/StructureDefinition/ig-parameter"><extension url="code"><valueString value="path-history"/></extension><extension url="value"><valueString value="https://project-wildfyre.github.io/careconnect-messaging-r4/history.html"/></extension></extension><extension url="http://hl7.org/fhir/tools/StructureDefinition/ig-parameter"><extension url="code"><valueString value="template-html"/></extension><extension url="value"><valueString value="template-page.html"/></extension></extension><extension url="http://hl7.org/fhir/tools/StructureDefinition/ig-parameter"><extension url="code"><valueString value="template-md"/></extension><extension url="value"><valueString value="template-page-md.html"/></extension></extension><extension url="http://hl7.org/fhir/tools/StructureDefinition/ig-parameter"><extension url="code"><valueString value="apply-contact"/></extension><extension url="value"><valueString value="true"/></extension></extension><extension url="http://hl7.org/fhir/tools/StructureDefinition/ig-parameter"><extension url="code"><valueString value="apply-context"/></extension><extension url="value"><valueString value="true"/></extension></extension><extension url="http://hl7.org/fhir/tools/StructureDefinition/ig-parameter"><extension url="code"><valueString value="apply-copyright"/></extension><extension url="value"><valueString value="true"/></extension></extension><extension url="http://hl7.org/fhir/tools/StructureDefinition/ig-parameter"><extension url="code"><valueString value="apply-jurisdiction"/></extension><extension url="value"><valueString value="true"/></extension></extension><extension url="http://hl7.org/fhir/tools/StructureDefinition/ig-parameter"><extension url="code"><valueString value="apply-license"/></extension><extension url="value"><valueString value="true"/></extension></extension><extension url="http://hl7.org/fhir/tools/StructureDefinition/ig-parameter"><extension url="code"><valueString value="apply-publisher"/></extension><extension url="value"><valueString value="true"/></extension></extension><extension url="http://hl7.org/fhir/tools/StructureDefinition/ig-parameter"><extension url="code"><valueString value="apply-version"/></extension><extension url="value"><valueString value="true"/></extension></extension><extension url="http://hl7.org/fhir/tools/StructureDefinition/ig-parameter"><extension url="code"><valueString value="active-tables"/></extension><extension url="value"><valueString value="true"/></extension></extension><grouping id="_dyn_capabilitystatement"><name value="Behavior: Capability Statements"/><description value="The following artifacts define the specific capabilities that different types of systems are expected to have in order to comply with this implementation guide.  Systems complying with the implementation guide are expected to declare conformance to one or more of the following capability statements."/></grouping><grouping id="_dyn_messagedefinition"><name value="Behavior: Message Definitions"/><description value="These define the types of messages that can be sent and/or received by systems complying with this implementation guide"/></grouping><grouping id="_term_codesystem"><name value="Terminology: Code Systems"/><description value="These define new code systems used by systems conforming with this implementation guide"/></grouping><grouping id="_ex_example"><name value="Example: Example Instances"/><description value="These are example instances that show what data produced and consumed by systems conforming with this implementation guide might look like"/></grouping><resource><extension url="http://hl7.org/fhir/StructureDefinition/implementationguide-page"><valueUri value="Bundle-notification-admit.html"/></extension><reference><reference value="Bundle/notification-admit"/></reference><name value="notification-admit"/><description value="Notifiation Admission FHIR Message - Admit a patient"/><exampleBoolean value="true"/><groupingId value="_ex_example"/></resource><resource><extension url="http://hl7.org/fhir/StructureDefinition/implementationguide-page"><valueUri value="Bundle-notification-discharge.html"/></extension><reference><reference value="Bundle/notification-discharge"/></reference><name value="Notification Discharge FHIR Message"/><description value="Notification Discharge FHIR Message - Discharge a patient"/><exampleBoolean value="true"/><groupingId value="_ex_example"/></resource><resource><extension url="http://hl7.org/fhir/StructureDefinition/implementationguide-page"><valueUri value="Bundle-patient-create.html"/></extension><reference><reference value="Bundle/patient-create"/></reference><name value="Patient Create FHIR Message"/><description value="Patient Create FHIR Message - Add person information"/><exampleBoolean value="true"/><groupingId value="_ex_example"/></resource><resource><extension url="http://hl7.org/fhir/StructureDefinition/implementationguide-page"><valueUri value="MessageDefinition-notification-admit.html"/></extension><reference><reference value="MessageDefinition/notification-admit"/></reference><name value="Notitification Admission"/><description value="Admission Notification - care provision started. FHIR equivalent of HL7v2 ADT^A01"/><groupingId value="_dyn_messagedefinition"/></resource><resource><extension url="http://hl7.org/fhir/StructureDefinition/implementationguide-page"><valueUri value="MessageDefinition-notification-discharge.html"/></extension><reference><reference value="MessageDefinition/notification-discharge"/></reference><name value="Notitification Discharge"/><description value="Discharge Notification - patient handed over. FHIR equivalent of HL7v2 ADT^A03"/><groupingId value="_dyn_messagedefinition"/></resource><resource><extension url="http://hl7.org/fhir/StructureDefinition/implementationguide-page"><valueUri value="Bundle-news2-report.html"/></extension><reference><reference value="Bundle/news2-report"/></reference><name value="NEWS2 Diagnostic Report FHIR Message Example"/><description value="NEWS2 Diagnostic Report FHIR Message Example"/><exampleBoolean value="true"/><groupingId value="_ex_example"/></resource><resource><extension url="http://hl7.org/fhir/StructureDefinition/implementationguide-page"><valueUri value="CapabilityStatement-diagnostic-messaging.html"/></extension><reference><reference value="CapabilityStatement/diagnostic-messaging"/></reference><name value="Server conformance for Diagnostic Message Handling"/><description value="Server conformance for Diagnostic Message Handling"/><groupingId value="_dyn_capabilitystatement"/></resource><resource><extension url="http://hl7.org/fhir/StructureDefinition/implementationguide-page"><valueUri value="CapabilityStatement-encounter-messaging.html"/></extension><reference><reference value="CapabilityStatement/encounter-messaging"/></reference><name value="Server conformance for Encounter Message Handling"/><description value="Server conformance for Encounter Message Handling"/><groupingId value="_dyn_capabilitystatement"/></resource><resource><extension url="http://hl7.org/fhir/StructureDefinition/implementationguide-page"><valueUri value="CodeSystem-message-events.html"/></extension><reference><reference value="CodeSystem/message-events"/></reference><name value="Messaging Events"/><description value="NHS Greater Manchester Messaging Events"/><groupingId value="_term_codesystem"/></resource><resource><extension url="http://hl7.org/fhir/StructureDefinition/implementationguide-page"><valueUri value="MessageDefinition-unsolicited-observation.html"/></extension><reference><reference value="MessageDefinition/unsolicited-observation"/></reference><name value="Diagnostic Messaging"/><description value="Unsolicited transmission of an observation message. FHIR equivalent of HL7v2 ORU^R01"/><groupingId value="_dyn_messagedefinition"/></resource><resource><extension url="http://hl7.org/fhir/StructureDefinition/implementationguide-page"><valueUri value="MessageDefinition-patient-create.html"/></extension><reference><reference value="MessageDefinition/patient-create"/></reference><name value="Patient Create"/><description value="Patient Create. FHIR equivalent of HL7v2 ADT^A28"/><groupingId value="_dyn_messagedefinition"/></resource><page><nameUrl value="toc.html"/><title value="Table of Contents"/><generation value="html"/><page><nameUrl value="index.html"/><title value="Care Connect Messaging"/><generation value="markdown"/></page><page><nameUrl value="hl7v2tofhir.html"/><title value="HL7v2 to FHIR Conversion"/><generation value="markdown"/></page><page><nameUrl value="adt.html"/><title value="HL7 v2 and FHIR Admission, Discharge and Transfers"/><generation value="markdown"/></page><page><nameUrl value="diagnostics.html"/><title value="Diagnostic Reports"/><generation value="markdown"/></page><page><nameUrl value="messagedefinitions.html"/><title value="Message Definitions"/><generation value="markdown"/></page><page><nameUrl value="examples.html"/><title value="Examples"/><generation value="markdown"/></page><page><nameUrl value="graphdefinitions.html"/><title value="Graph Definitions"/><generation value="markdown"/></page><page><nameUrl value="downloads.html"/><title value="Useful Downloads"/><generation value="markdown"/></page><page><nameUrl value="changes.html"/><title value="IG Change History"/><generation value="markdown"/></page><page><nameUrl value="artifacts.html"/><title value="Artifacts Summary"/><generation value="html"/><page><nameUrl value="CapabilityStatement-diagnostic-messaging.html"/><title value="Server conformance for Diagnostic Message Handling"/><generation value="generated"/></page><page><nameUrl value="CapabilityStatement-encounter-messaging.html"/><title value="Server conformance for Encounter Message Handling"/><generation value="generated"/></page><page><nameUrl value="MessageDefinition-notification-admit.html"/><title value="Notitification Admission"/><generation value="generated"/></page><page><nameUrl value="MessageDefinition-notification-discharge.html"/><title value="Notitification Discharge"/><generation value="generated"/></page><page><nameUrl value="MessageDefinition-unsolicited-observation.html"/><title value="Diagnostic Messaging"/><generation value="generated"/></page><page><nameUrl value="MessageDefinition-patient-create.html"/><title value="Patient Create"/><generation value="generated"/></page><page><nameUrl value="CodeSystem-message-events.html"/><title value="Messaging Events"/><generation value="generated"/></page><page><nameUrl value="Bundle-notification-admit.html"/><title value="notification-admit"/><generation value="generated"/></page><page><nameUrl value="Bundle-notification-discharge.html"/><title value="Notification Discharge FHIR Message"/><generation value="generated"/></page><page><nameUrl value="Bundle-patient-create.html"/><title value="Patient Create FHIR Message"/><generation value="generated"/></page><page><nameUrl value="Bundle-news2-report.html"/><title value="NEWS2 Diagnostic Report FHIR Message Example"/><generation value="generated"/></page></page></page><parameter><code value="path-resource"/><value value="input/capabilities"/></parameter><parameter><code value="path-resource"/><value value="input/examples"/></parameter><parameter><code value="path-resource"/><value value="input/extensions"/></parameter><parameter><code value="path-resource"/><value value="input/models"/></parameter><parameter><code value="path-resource"/><value value="input/operations"/></parameter><parameter><code value="path-resource"/><value value="input/profiles"/></parameter><parameter><code value="path-resource"/><value value="input/resources"/></parameter><parameter><code value="path-resource"/><value value="input/vocabulary"/></parameter><parameter><code value="path-resource"/><value value="input/maps"/></parameter><parameter><code value="path-resource"/><value value="input/testing"/></parameter><parameter><code value="path-pages"/><value value="template/config"/></parameter><parameter><code value="path-pages"/><value value="input/images"/></parameter><parameter><code value="path-tx-cache"/><value value="input-cache/txcache"/></parameter></definition></ImplementationGuide>