<?xml version="1.0" encoding="UTF-8"?><ImplementationGuide xmlns="http://hl7.org/fhir"><id value="careconnect-messaging-r4"/><text><status value="generated"/><div xmlns="http://www.w3.org/1999/xhtml"><h2>Care Connect Messaging</h2><p>The official URL for this implementation guide is: </p><pre>https://project-wildfyre.github.io/careconnect-messaging-r4/ImplementationGuide/careconnect-messaging-r4</pre><div><p>Demonstration of Care Connect STU3 Implementation Guide to support Messaging</p>
</div></div></text><url value="https://project-wildfyre.github.io/careconnect-messaging-r4/ImplementationGuide/careconnect-messaging-r4"/><version value="4.0.0"/><name value="Care Connect Messaging"/><status value="draft"/><experimental value="false"/><date value="2020-03-19T06:41:34+00:00"/><publisher value="mayfield-is.co.uk"/><contact><telecom><system value="email"/><value value="mailto:kevin.mayfield1@nhs.net"/></telecom></contact><description value="Demonstration of Care Connect STU3 Implementation Guide to support Messaging"/><jurisdiction><coding><system value="http://unstats.un.org/unsd/methods/m49/m49.htm"/><code value="826"/></coding></jurisdiction><packageId value="careconnect.messaging.r4"/><license value="CC0-1.0"/><fhirVersion value="4.0.1"/><dependsOn><packageId value="uk.testcore.r4"/><version value="dev"/></dependsOn><definition><extension url="http://hl7.org/fhir/tools/StructureDefinition/ig-parameter"><extension url="code"><valueString value="copyrightyear"/></extension><extension url="value"><valueString value="2020+"/></extension></extension><extension url="http://hl7.org/fhir/tools/StructureDefinition/ig-parameter"><extension url="code"><valueString value="releaselabel"/></extension><extension url="value"><valueString value="CI Build"/></extension></extension><extension url="http://hl7.org/fhir/tools/StructureDefinition/ig-parameter"><extension url="code"><valueString value="autoload-resources"/></extension><extension url="value"><valueString value="true"/></extension></extension><extension url="http://hl7.org/fhir/tools/StructureDefinition/ig-parameter"><extension url="code"><valueString value="path-qa"/></extension><extension url="value"><valueString value="temp/qa"/></extension></extension><extension url="http://hl7.org/fhir/tools/StructureDefinition/ig-parameter"><extension url="code"><valueString value="path-temp"/></extension><extension url="value"><valueString value="temp/pages"/></extension></extension><extension url="http://hl7.org/fhir/tools/StructureDefinition/ig-parameter"><extension url="code"><valueString value="path-output"/></extension><extension url="value"><valueString value="output"/></extension></extension><extension url="http://hl7.org/fhir/tools/StructureDefinition/ig-parameter"><extension url="code"><valueString value="path-suppressed-warnings"/></extension><extension url="value"><valueString value="input/ignoreWarnings.txt"/></extension></extension><extension url="http://hl7.org/fhir/tools/StructureDefinition/ig-parameter"><extension url="code"><valueString value="template-html"/></extension><extension url="value"><valueString value="template-page.html"/></extension></extension><extension url="http://hl7.org/fhir/tools/StructureDefinition/ig-parameter"><extension url="code"><valueString value="template-md"/></extension><extension url="value"><valueString value="template-page-md.html"/></extension></extension><extension url="http://hl7.org/fhir/tools/StructureDefinition/ig-parameter"><extension url="code"><valueString value="apply-contact"/></extension><extension url="value"><valueString value="true"/></extension></extension><extension url="http://hl7.org/fhir/tools/StructureDefinition/ig-parameter"><extension url="code"><valueString value="apply-context"/></extension><extension url="value"><valueString value="true"/></extension></extension><extension url="http://hl7.org/fhir/tools/StructureDefinition/ig-parameter"><extension url="code"><valueString value="apply-copyright"/></extension><extension url="value"><valueString value="true"/></extension></extension><extension url="http://hl7.org/fhir/tools/StructureDefinition/ig-parameter"><extension url="code"><valueString value="apply-jurisdiction"/></extension><extension url="value"><valueString value="true"/></extension></extension><extension url="http://hl7.org/fhir/tools/StructureDefinition/ig-parameter"><extension url="code"><valueString value="apply-license"/></extension><extension url="value"><valueString value="true"/></extension></extension><extension url="http://hl7.org/fhir/tools/StructureDefinition/ig-parameter"><extension url="code"><valueString value="apply-publisher"/></extension><extension url="value"><valueString value="true"/></extension></extension><extension url="http://hl7.org/fhir/tools/StructureDefinition/ig-parameter"><extension url="code"><valueString value="apply-version"/></extension><extension url="value"><valueString value="true"/></extension></extension><extension url="http://hl7.org/fhir/tools/StructureDefinition/ig-parameter"><extension url="code"><valueString value="active-tables"/></extension><extension url="value"><valueString value="true"/></extension></extension><grouping id="_dyn_messagedefinition"><name value="Behavior: Message Definitions"/><description value="These define the types of messages that can be sent and/or received by systems complying with this implementation guide"/></grouping><grouping id="_str_graphdefinition"><name value="Structures: Graph Definitions"/><description value="These define collections of interrelated resources that are useful to pass around as a group"/></grouping><grouping id="_str_questionnaire"><name value="Structures: Questionnaires"/><description value="These define forms used by systems conforming with this implementation guide to capture or expose data to end users"/></grouping><grouping id="_term_valueset"><name value="Terminology: Value Sets"/><description value="These define sets of codes used by systems conforming with this implementation guide"/></grouping><grouping id="_term_codesystem"><name value="Terminology: Code Systems"/><description value="These define new code systems used by systems conforming with this implementation guide"/></grouping><grouping id="_ex_example"><name value="Example: Example Instances"/><description value="These are example instances that show what data produced and consumed by systems conforming with this implementation guide might look like"/></grouping><resource><extension url="http://hl7.org/fhir/StructureDefinition/implementationguide-page"><valueUri value="Bundle-notification-admit.html"/></extension><reference><reference value="Bundle/notification-admit"/></reference><name value="notification-admit"/><description value="Notifiation Admission FHIR Message - Admit a patient"/><exampleBoolean value="true"/><groupingId value="_ex_example"/></resource><resource><extension url="http://hl7.org/fhir/StructureDefinition/implementationguide-page"><valueUri value="Bundle-notification-admit-transaction.html"/></extension><reference><reference value="Bundle/notification-admit-transaction"/></reference><name value="notification-admit-transaction"/><description value="Notifiation Admission FHIR Transaction - Admit a patient"/><exampleBoolean value="true"/><groupingId value="_ex_example"/></resource><resource><extension url="http://hl7.org/fhir/StructureDefinition/implementationguide-page"><valueUri value="Bundle-notification-discharge.html"/></extension><reference><reference value="Bundle/notification-discharge"/></reference><name value="Notification Discharge FHIR Message"/><description value="Notification Discharge FHIR Message - Discharge a patient"/><exampleBoolean value="true"/><groupingId value="_ex_example"/></resource><resource><extension url="http://hl7.org/fhir/StructureDefinition/implementationguide-page"><valueUri value="Bundle-notification-discharge-transaction.html"/></extension><reference><reference value="Bundle/notification-discharge-transaction"/></reference><name value="Notification Discharge FHIR Transaction"/><description value="Notification Discharge FHIR Transaction - Discharge a patient"/><exampleBoolean value="true"/><groupingId value="_ex_example"/></resource><resource><extension url="http://hl7.org/fhir/StructureDefinition/implementationguide-page"><valueUri value="Bundle-patient-create.html"/></extension><reference><reference value="Bundle/patient-create"/></reference><name value="Patient Create FHIR Message"/><description value="Patient Create FHIR Message - Add person information"/><exampleBoolean value="true"/><groupingId value="_ex_example"/></resource><resource><extension url="http://hl7.org/fhir/StructureDefinition/implementationguide-page"><valueUri value="Bundle-covid19-service-request.html"/></extension><reference><reference value="Bundle/covid19-service-request"/></reference><name value="COVID-19 Service Request"/><description value="COVID-19 Service Request"/><exampleBoolean value="true"/><groupingId value="_ex_example"/></resource><resource><extension url="http://hl7.org/fhir/StructureDefinition/implementationguide-page"><valueUri value="QuestionnaireResponse-covid-template.html"/></extension><reference><reference value="QuestionnaireResponse/covid-template"/></reference><name value="COVID-19 Template Example "/><description value="COVID-19 Template"/><exampleBoolean value="true"/><groupingId value="_ex_example"/></resource><resource><extension url="http://hl7.org/fhir/StructureDefinition/implementationguide-page"><valueUri value="Questionnaire-covid-19-public.html"/></extension><reference><reference value="Questionnaire/covid-19-public"/></reference><name value="COVID-19 Template Definition"/><description value="COVID-19 Template Definition"/><groupingId value="_str_questionnaire"/></resource><resource><extension url="http://hl7.org/fhir/StructureDefinition/implementationguide-page"><valueUri value="Bundle-patient-create-transaction.html"/></extension><reference><reference value="Bundle/patient-create-transaction"/></reference><name value="Patient Create FHIR Transaction"/><description value="Patient Create FHIR Transaction - Add person information"/><exampleBoolean value="true"/><groupingId value="_ex_example"/></resource><resource><extension url="http://hl7.org/fhir/StructureDefinition/implementationguide-page"><valueUri value="Bundle-patient-referral.html"/></extension><reference><reference value="Bundle/patient-referral"/></reference><name value="Patient Referral Example"/><description value="Patient Referral Example"/><exampleBoolean value="true"/><groupingId value="_ex_example"/></resource><resource><extension url="http://hl7.org/fhir/StructureDefinition/implementationguide-page"><valueUri value="MessageDefinition-patient-referral.html"/></extension><reference><reference value="MessageDefinition/patient-referral"/></reference><name value="Patient Referral"/><description value="Patient Referral"/><groupingId value="_dyn_messagedefinition"/></resource><resource><extension url="http://hl7.org/fhir/StructureDefinition/implementationguide-page"><valueUri value="MessageDefinition-response-patient-referral.html"/></extension><reference><reference value="MessageDefinition/response-patient-referral"/></reference><name value="Response Patient Referral"/><description value="Response Patient Referral"/><groupingId value="_dyn_messagedefinition"/></resource><resource><extension url="http://hl7.org/fhir/StructureDefinition/implementationguide-page"><valueUri value="MessageDefinition-modify-patient-referral.html"/></extension><reference><reference value="MessageDefinition/modify-patient-referral"/></reference><name value="Modify Patient Referral"/><description value="Modify Patient Referral"/><groupingId value="_dyn_messagedefinition"/></resource><resource><extension url="http://hl7.org/fhir/StructureDefinition/implementationguide-page"><valueUri value="MessageDefinition-cancel-patient-referral.html"/></extension><reference><reference value="MessageDefinition/cancel-patient-referral"/></reference><name value="Cancel Patient Referral"/><description value="Cancel Patient Referral"/><groupingId value="_dyn_messagedefinition"/></resource><resource><extension url="http://hl7.org/fhir/StructureDefinition/implementationguide-page"><valueUri value="MessageDefinition-notification-admit.html"/></extension><reference><reference value="MessageDefinition/notification-admit"/></reference><name value="Notitification Admission"/><description value="Admission Notification - care provision started"/><groupingId value="_dyn_messagedefinition"/></resource><resource><extension url="http://hl7.org/fhir/StructureDefinition/implementationguide-page"><valueUri value="MessageDefinition-notification-discharge.html"/></extension><reference><reference value="MessageDefinition/notification-discharge"/></reference><name value="Notitification Discharge"/><description value="Discharge Notification - patient handed over."/><groupingId value="_dyn_messagedefinition"/></resource><resource><extension url="http://hl7.org/fhir/StructureDefinition/implementationguide-page"><valueUri value="GraphDefinition-patient-referral-message.html"/></extension><reference><reference value="GraphDefinition/patient-referral-message"/></reference><name value="Patient Referral Message Definition"/><description value="For handover, service request or referral"/><groupingId value="_str_graphdefinition"/></resource><resource><extension url="http://hl7.org/fhir/StructureDefinition/implementationguide-page"><valueUri value="GraphDefinition-nhs111report-information-model.html"/></extension><reference><reference value="GraphDefinition/nhs111report-information-model"/></reference><name value="Information Model - NHS 111 Report"/><description value="Information model based on the NHS 111 ITK Report [Specification](https://data.developer.nhs.uk/dms/IUC-3.0-RC1/Domains/IntegratedUrgentCare/Tabular%20View/POCD_RM200001GB02.html)."/><groupingId value="_str_graphdefinition"/></resource><resource><extension url="http://hl7.org/fhir/StructureDefinition/implementationguide-page"><valueUri value="GraphDefinition-nhs111ambulancerequest-information-model.html"/></extension><reference><reference value="GraphDefinition/nhs111ambulancerequest-information-model"/></reference><name value="Information Model - NHS 111 Ambulance Request"/><description value="This message is a request for an ambulance to be dispatched. It contains the information from a NHS 111 encounter required for an ambulance service to be able to dispatch an ambulance."/><groupingId value="_str_graphdefinition"/></resource><resource><extension url="http://hl7.org/fhir/StructureDefinition/implementationguide-page"><valueUri value="CodeSystem-openehr-presence.html"/></extension><reference><reference value="CodeSystem/openehr-presence"/></reference><name value="CodeSystem openehr presence"/><description value="openehr presence"/><groupingId value="_term_codesystem"/></resource><resource><extension url="http://hl7.org/fhir/StructureDefinition/implementationguide-page"><valueUri value="ValueSet-vs-openehr-presence.html"/></extension><reference><reference value="ValueSet/vs-openehr-presence"/></reference><name value="ValueSet openehr presence"/><description value="openehr presence"/><groupingId value="_term_valueset"/></resource><resource><extension url="http://hl7.org/fhir/StructureDefinition/implementationguide-page"><valueUri value="Bundle-news2-report.html"/></extension><reference><reference value="Bundle/news2-report"/></reference><name value="NEWS2 Diagnostic Report FHIR Message Example"/><description value="NEWS2 Diagnostic Report FHIR Message Example"/><exampleBoolean value="true"/><groupingId value="_ex_example"/></resource><resource><extension url="http://hl7.org/fhir/StructureDefinition/implementationguide-page"><valueUri value="Bundle-news2-report-transaction.html"/></extension><reference><reference value="Bundle/news2-report-transaction"/></reference><name value="NEWS2 Diagnostic Report FHIR Transaction Example"/><description value="NEWS2 Diagnostic Report FHIR Transaction Example"/><exampleBoolean value="true"/><groupingId value="_ex_example"/></resource><page><nameUrl value="toc.html"/><title value="Table of Contents"/><generation value="html"/><page><nameUrl value="index.html"/><title value="Care Connect Messaging"/><generation value="markdown"/></page><page><nameUrl value="hl7v2tofhir.html"/><title value="HL7v2 to FHIR Conversion"/><generation value="markdown"/></page><page><nameUrl value="adt.html"/><title value="HL7 v2 and FHIR Admission, Discharge and Transfers"/><generation value="markdown"/></page><page><nameUrl value="referrals.html"/><title value="Referrals (inc Handovers)"/><generation value="markdown"/></page><page><nameUrl value="diagnostics.html"/><title value="Diagnostic Reports"/><generation value="markdown"/></page><page><nameUrl value="messagedefinitions.html"/><title value="Message Definitions"/><generation value="markdown"/></page><page><nameUrl value="examples.html"/><title value="Examples"/><generation value="markdown"/></page><page><nameUrl value="graphdefinitions.html"/><title value="Graph Definitions"/><generation value="markdown"/></page><page><nameUrl value="downloads.html"/><title value="Useful Downloads"/><generation value="markdown"/></page><page><nameUrl value="changes.html"/><title value="IG Change History"/><generation value="markdown"/></page><page><nameUrl value="artifacts.html"/><title value="Artifacts Summary"/><generation value="html"/><page><nameUrl value="MessageDefinition-patient-referral.html"/><title value="Patient Referral"/><generation value="generated"/></page><page><nameUrl value="MessageDefinition-response-patient-referral.html"/><title value="Response Patient Referral"/><generation value="generated"/></page><page><nameUrl value="MessageDefinition-modify-patient-referral.html"/><title value="Modify Patient Referral"/><generation value="generated"/></page><page><nameUrl value="MessageDefinition-cancel-patient-referral.html"/><title value="Cancel Patient Referral"/><generation value="generated"/></page><page><nameUrl value="MessageDefinition-notification-admit.html"/><title value="Notitification Admission"/><generation value="generated"/></page><page><nameUrl value="MessageDefinition-notification-discharge.html"/><title value="Notitification Discharge"/><generation value="generated"/></page><page><nameUrl value="GraphDefinition-patient-referral-message.html"/><title value="Patient Referral Message Definition"/><generation value="generated"/></page><page><nameUrl value="GraphDefinition-nhs111report-information-model.html"/><title value="Information Model - NHS 111 Report"/><generation value="generated"/></page><page><nameUrl value="GraphDefinition-nhs111ambulancerequest-information-model.html"/><title value="Information Model - NHS 111 Ambulance Request"/><generation value="generated"/></page><page><nameUrl value="Questionnaire-covid-19-public.html"/><title value="COVID-19 Template Definition"/><generation value="generated"/></page><page><nameUrl value="ValueSet-vs-openehr-presence.html"/><title value="ValueSet openehr presence"/><generation value="generated"/></page><page><nameUrl value="CodeSystem-openehr-presence.html"/><title value="CodeSystem openehr presence"/><generation value="generated"/></page><page><nameUrl value="Bundle-notification-admit.html"/><title value="notification-admit"/><generation value="generated"/></page><page><nameUrl value="Bundle-notification-admit-transaction.html"/><title value="notification-admit-transaction"/><generation value="generated"/></page><page><nameUrl value="Bundle-notification-discharge.html"/><title value="Notification Discharge FHIR Message"/><generation value="generated"/></page><page><nameUrl value="Bundle-notification-discharge-transaction.html"/><title value="Notification Discharge FHIR Transaction"/><generation value="generated"/></page><page><nameUrl value="Bundle-patient-create.html"/><title value="Patient Create FHIR Message"/><generation value="generated"/></page><page><nameUrl value="Bundle-covid19-service-request.html"/><title value="COVID-19 Service Request"/><generation value="generated"/></page><page><nameUrl value="QuestionnaireResponse-covid-template.html"/><title value="COVID-19 Template Example "/><generation value="generated"/></page><page><nameUrl value="Bundle-patient-create-transaction.html"/><title value="Patient Create FHIR Transaction"/><generation value="generated"/></page><page><nameUrl value="Bundle-patient-referral.html"/><title value="Patient Referral Example"/><generation value="generated"/></page><page><nameUrl value="Bundle-news2-report.html"/><title value="NEWS2 Diagnostic Report FHIR Message Example"/><generation value="generated"/></page><page><nameUrl value="Bundle-news2-report-transaction.html"/><title value="NEWS2 Diagnostic Report FHIR Transaction Example"/><generation value="generated"/></page></page></page><parameter><code value="path-resource"/><value value="input/capabilities"/></parameter><parameter><code value="path-resource"/><value value="input/examples"/></parameter><parameter><code value="path-resource"/><value value="input/extensions"/></parameter><parameter><code value="path-resource"/><value value="input/models"/></parameter><parameter><code value="path-resource"/><value value="input/operations"/></parameter><parameter><code value="path-resource"/><value value="input/profiles"/></parameter><parameter><code value="path-resource"/><value value="input/resources"/></parameter><parameter><code value="path-resource"/><value value="input/vocabulary"/></parameter><parameter><code value="path-pages"/><value value="template/config"/></parameter><parameter><code value="path-pages"/><value value="input/images"/></parameter><parameter><code value="path-tx-cache"/><value value="input-cache/txcache"/></parameter></definition></ImplementationGuide>