<?xml version="1.0" encoding="UTF-8"?><MessageDefinition xmlns="http://hl7.org/fhir"><id value="notification-discharge"/><url value="https://project-wildfyre.github.io/careconnect-messaging-r4/MessageDefinition/notification-discharge"/><identifier><system value="https://tools.ietf.org/html/rfc4122"/><value value="c81b88dc-760e-4b1e-9cdb-c5f853630664"/></identifier><version value="4.0.0"/><title value="Patient Discharge Notification"/><status value="active"/><date value="2020-05-14T11:01:21+01:00"/><publisher value="gmdigitialplatforms.nhs.uk"/><contact><telecom><system value="email"/><value value="mailto:kevin.mayfield1@nhs.net"/></telecom></contact><jurisdiction><coding><system value="http://unstats.un.org/unsd/methods/m49/m49.htm"/><code value="826"/></coding></jurisdiction><copyright value="Copyright &#xA9; 2020 Project Wildfyre"/><eventCoding><system value="https://project-wildfyre.github.io/careconnect-messaging-r4/CodeSystem/message-events"/><code value="notification-discharge"/><display value="Notification Discharge"/></eventCoding><category value="notification"/><focus><code value="Encounter"/><profile value="https://fhir.nhs.uk/R4/StructureDefinition/UKCore-Encounter"/><min value="1"/><max value="1"/></focus></MessageDefinition>