<?xml version="1.0" encoding="UTF-8"?><MessageDefinition xmlns="http://hl7.org/fhir"><id value="prescription-order-update"/><url value="https://fhir.nhs.uk/R4/MessageDefinition/prescription-order-update"/><identifier><system value="https://tools.ietf.org/html/rfc4122"/><value value="c81b88dc-760e-4b1e-9cdb-c5f853630664"/></identifier><version value="4.0.0"/><title value="Pharmacy/Treatment Encoded Order"/><status value="active"/><date value="2020-05-27"/><publisher value="gmdigitialplatforms.nhs.uk"/><contact><telecom><system value="email"/><value value="mailto:kevin.mayfield1@nhs.net"/></telecom></contact><jurisdiction><coding><system value="http://unstats.un.org/unsd/methods/m49/m49.htm"/><code value="826"/></coding></jurisdiction><eventCoding><system value="https://fhir.nhs.uk/R4/CodeSystem/message-event"/><code value="prescription-order-update"/><display value="Prescription Order Update"/></eventCoding><category value="consequence"/><focus><code value="MessageHeader"/><profile value="https://fhir.nhs.uk/R4/StructureDefinition/Spine-MessageHeader"/><min value="1"/><max value="1"/></focus><focus><code value="MedicationRequest"/><profile value="https://fhir.nhs.uk/R4/StructureDefinition/DM-MedicationRequest"/><min value="1"/><max value="4"/></focus><focus><code value="Patient"/><profile value="https://fhir.nhs.uk/R4/StructureDefinition/DM-Patient"/><min value="1"/><max value="1"/></focus><focus><code value="Provenance"/><min value="0"/><max value="1"/></focus></MessageDefinition>