<?xml version="1.0" encoding="UTF-8"?><MessageDefinition xmlns="http://hl7.org/fhir"><id value="notification-discharge"/><url value="https://kevinmayfield.github.io/raphael/MessageDefinition/notification-discharge"/><identifier><system value="https://tools.ietf.org/html/rfc4122"/><value value="c81b88dc-760e-4b1e-9cdb-c5f853630664"/></identifier><version value="3.0.0"/><title value="Patient Discharge Notification"/><status value="active"/><date value="2019-08-22T12:49:51+01:00"/><publisher value="mayfield-is.co.uk"/><contact><telecom><system value="email"/><value value="kevin.mayfield@mayfield-is.co.uk"/></telecom></contact><jurisdiction><coding><system value="http://unstats.un.org/unsd/methods/m49/m49.htm"/><code value="826"/></coding></jurisdiction><copyright value="Copyright &#xA9; 2020 NHS Digital"/><event><system value="https://fhir.nhs.uk/STU3/CodeSystem/ITK-MessageEvent-2"/><code value="notification-discharge"/><display value="Notification Discharge"/></event><category value="Notification"/><focus><code value="Encounter"/><profile><reference value="https://fhir.hl7.org.uk/STU3/StructureDefinition/CareConnect-Encounter-1"/></profile><min value="1"/><max value="1"/></focus></MessageDefinition>