<?xml version="1.0" encoding="UTF-8"?><MessageDefinition xmlns="http://hl7.org/fhir"><id value="patient-create"/><url value="https://project-wildfyre.github.io/careconnect-messaging-r4/MessageDefinition/patient-create"/><identifier><system value="https://tools.ietf.org/html/rfc4122"/><value value="c81b88dc-760e-4b1e-9cdb-c5f853630664"/></identifier><version value="4.0.0"/><title value="Patient Create"/><status value="active"/><date value="2020-05-14T11:59:58+01:00"/><publisher value="gmdigitialplatforms.nhs.uk"/><contact><telecom><system value="email"/><value value="mailto:kevin.mayfield1@nhs.net"/></telecom></contact><jurisdiction><coding><system value="http://unstats.un.org/unsd/methods/m49/m49.htm"/><code value="826"/></coding></jurisdiction><eventCoding><system value="https://project-wildfyre.github.io/careconnect-messaging-r4/CodeSystem/message-events"/><code value="patient-create"/><display value="Patient Create"/></eventCoding><category value="notification"/><focus><code value="Patient"/><profile value="https://fhir.nhs.uk/R4/StructureDefinition/UKCore-Patient"/><min value="1"/><max value="1"/></focus></MessageDefinition>