<?xml version="1.0" encoding="UTF-8"?><MessageDefinition xmlns="http://hl7.org/fhir"><id value="unsolicited-observation-message"/><url value="https://project-wildfyre.github.io/careconnect-messaging-r4/MessageDefinition/unsolicited-observation-message"/><version value="4.0.0"/><title value="Unsolicited Observation Message"/><status value="active"/><date value="2019-08-22T12:49:51+01:00"/><publisher value="gmdigitialplatforms.nhs.uk"/><contact><telecom><system value="email"/><value value="mailto:kevin.mayfield1@nhs.net"/></telecom></contact><jurisdiction><coding><system value="http://unstats.un.org/unsd/methods/m49/m49.htm"/><code value="826"/></coding></jurisdiction><copyright value="Copyright &#xA9; 2020 Greater Manchester NHS"/><eventCoding><system value="https://project-wildfyre.github.io/careconnect-messaging-r4/CodeSystem/message-events"/><code value="unsolicited-observation-message"/><display value="Unsolicited Observation Message"/></eventCoding><category value="notification"/><focus><code value="DiagnosticReport"/><profile value="https://fhir.nhs.uk/R4/StructureDefinition/UKCore-DiagnosticReport"/><min value="1"/><max value="1"/></focus></MessageDefinition>