<?xml version="1.0" encoding="UTF-8"?><MessageDefinition xmlns="http://hl7.org/fhir"><id value="response-patient-referral"/><url value="https://project-wildfyre.github.io/careconnect-messaging-r4/MessageDefinition/response-patient-referral"/><identifier><system value="https://tools.ietf.org/html/rfc4122"/><value value="c81b88dc-760e-4b1e-9cdb-c5f853630664"/></identifier><version value="4.0.0"/><title value="Response Patient Referral"/><status value="active"/><date value="2019-08-22T12:49:51+01:00"/><publisher value="mayfield-is.co.uk"/><contact><telecom><system value="email"/><value value="kevin.mayfield@mayfield-is.co.uk"/></telecom></contact><jurisdiction><coding><system value="http://unstats.un.org/unsd/methods/m49/m49.htm"/><code value="826"/></coding></jurisdiction><copyright value="Copyright &#xA9; 2020 XYZl"/><category value="notification"/><focus><code value="ServiceRequest"/><min value="1"/><max value="1"/></focus></MessageDefinition>