<?xml version="1.0" encoding="UTF-8"?><Questionnaire xmlns="http://hl7.org/fhir"><id value="covid-19-public"/><text><status value="generated"/><div xmlns="http://www.w3.org/1999/xhtml"><p><b>Generated Narrative with Details</b></p><p><b>id</b>: covid-19-public</p><p><b>url</b>: <b>https://fhir.nhs.uk/Questionnaire/covid-19-public</b></p><p><b>identifier</b>: covid-19-public</p><p><b>version</b>: 4.0.0</p><p><b>name</b>: NHS 111 Online COVID-19</p><p><b>title</b>: NHS 111 Online COVID-19</p><p><b>status</b>: DRAFT</p><p><b>subjectType</b>: Patient</p><p><b>date</b>: 10 Mar 2020, 16:00:54</p><p><b>publisher</b>: mayfield-is.co.uk</p><p><b>contact</b>: </p><p><b>description</b>: Mock up of NHS 111 Online questionnaire as a FHIR Resource</p><p><b>jurisdiction</b>: United Kingdom of Great Britain and Northern Ireland (GBR) <span style="background: LightGoldenRodYellow">(Details : {http://unstats.un.org/unsd/methods/m49/m49.htm code &#39;826&#39; = &#39;United Kingdom of Great Britain and Northern Ireland (GBR))</span></p><blockquote><p><b>item</b></p><p><b>linkId</b>: covid-19-1</p><p><b>text</b>: Have you been to or travelled through any of these areas in last 14 days?</p><p><b>type</b>: OPENCHOICE</p><p><b>enableBehavior</b>: ANY</p><blockquote><p><b>answerOption</b></p><p><b>value</b>: Hubei province, China</p></blockquote><blockquote><p><b>answerOption</b></p><p><b>value</b>: locked down areas in northern Italy</p></blockquote><blockquote><p><b>answerOption</b></p><p><b>value</b>: H10 Costa Adeje Palace Hotel (Tenerife)</p></blockquote></blockquote><blockquote><p><b>item</b></p><p><b>linkId</b>: covid-19-2</p><p><b>text</b>: Have you been to or travelled through any of these areas in last 14 days?</p><p><b>type</b>: OPENCHOICE</p><h3>EnableWhens</h3><table class="grid"><tr><td>-</td><td><b>Question</b></td><td><b>Operator</b></td></tr><tr><td>*</td><td>covid-19-1</td><td>EQUAL</td></tr></table><p><b>enableBehavior</b>: ANY</p><blockquote><p><b>answerOption</b></p><p><b>value</b>: Italy</p></blockquote><blockquote><p><b>answerOption</b></p><p><b>value</b>: Daegu or Cheongdo in South Korea</p></blockquote><blockquote><p><b>answerOption</b></p><p><b>value</b>: Iran</p></blockquote><blockquote><p><b>answerOption</b></p><p><b>value</b>: Cambodia, Laos, Myanmar (Burma) or Vietnam</p></blockquote><blockquote><p><b>answerOption</b></p><p><b>value</b>: China, Hong Kong, Macau or Taiwan</p></blockquote><blockquote><p><b>answerOption</b></p><p><b>value</b>: Japan, Malaysia, South Korea, Singapore or Thailand</p></blockquote></blockquote><blockquote><p><b>item</b></p><p><b>linkId</b>: covid-19-3</p><p><b>text</b>: Has someone with a confirmed case of coronavirus been in close contact with you?</p><p><b>type</b>: BOOLEAN</p><p><b>enableBehavior</b>: ANY</p></blockquote><blockquote><p><b>item</b></p><p><b>linkId</b>: covid-19-4</p><p><b>text</b>: Do you have any of these?</p><p><b>type</b>: OPENCHOICE</p><p><b>enableBehavior</b>: ANY</p><blockquote><p><b>answerOption</b></p><p><b>value</b>: High Temperature</p></blockquote><blockquote><p><b>answerOption</b></p><p><b>value</b>: Cough</p></blockquote><blockquote><p><b>answerOption</b></p><p><b>value</b>: Shortness of Breath</p></blockquote></blockquote></div></text><url value="https://fhir.nhs.uk/Questionnaire/covid-19-public"/><identifier><system value="https://fhir.nhs.uk/Questionnaire"/><value value="covid-19-public"/></identifier><version value="4.0.0"/><name value="NHS 111 Online COVID-19"/><title value="NHS 111 Online COVID-19"/><status value="draft"/><subjectType value="Patient"/><date value="2020-03-10T16:00:54+00:00"/><publisher value="mayfield-is.co.uk"/><contact><telecom><system value="email"/><value value="mailto:kevin.mayfield@mayfield-is.co.uk"/></telecom></contact><description value="Mock up of NHS 111 Online questionnaire as a FHIR Resource"/><jurisdiction><coding><system value="http://unstats.un.org/unsd/methods/m49/m49.htm"/><code value="826"/></coding></jurisdiction><item><linkId value="covid-19-1"/><text value="Have you been to or travelled through any of these areas in last 14 days?"/><type value="open-choice"/><enableBehavior value="any"/><answerOption><valueString value="Hubei province, China"/></answerOption><answerOption><valueString value="locked down areas in northern Italy"/></answerOption><answerOption><valueString value="H10 Costa Adeje Palace Hotel (Tenerife)"/></answerOption></item><item><linkId value="covid-19-2"/><text value="Have you been to or travelled through any of these areas in last 14 days?"/><type value="open-choice"/><enableWhen><question value="covid-19-1"/><operator value="="/></enableWhen><enableBehavior value="any"/><answerOption><valueString value="Italy"/></answerOption><answerOption><valueString value="Daegu or Cheongdo in South Korea"/></answerOption><answerOption><valueString value="Iran"/></answerOption><answerOption><valueString value="Cambodia, Laos, Myanmar (Burma) or Vietnam"/></answerOption><answerOption><valueString value="China, Hong Kong, Macau or Taiwan"/></answerOption><answerOption><valueString value="Japan, Malaysia, South Korea, Singapore or Thailand"/></answerOption></item><item><linkId value="covid-19-3"/><text value="Has someone with a confirmed case of coronavirus been in close contact with you?"/><type value="boolean"/><enableBehavior value="any"/></item><item><linkId value="covid-19-4"/><text value="Do you have any of these?"/><type value="open-choice"/><enableBehavior value="any"/><answerOption><valueString value="High Temperature"/></answerOption><answerOption><valueString value="Cough"/></answerOption><answerOption><valueString value="Shortness of Breath"/></answerOption></item></Questionnaire>