<?xml version="1.0" encoding="UTF-8"?>

<Bundle xmlns="http://hl7.org/fhir">
  <id value="patient-create"/>
  <identifier>
    <system value="https://fhir.mytrust.nhs.uk/Id/RCB/PAS"/>
    <value value="13403891320453338075"/>
  </identifier>
  <type value="message"/>
  <entry>
    <fullUrl value="urn:oid:844ebe20-78f0-4d77-8890-44d588717ca9"/>
    <resource>
      <MessageHeader>
        <id value="844ebe20-78f0-4d77-8890-44d588717ca9"/>
        <text>
          <status value="generated"/><div xmlns="http://www.w3.org/1999/xhtml"><p><b>Generated Narrative</b></p></div>
        </text>
        <eventCoding>
          <system value="https://project-wildfyre.github.io/careconnect-messaging-r4/CodeSystem/message-events"/>
          <code value="patient-create"/>
          <display value="patient-create"/>
        </eventCoding>
        <destination>
          <name value="ROUTE"/>
          <target>
            <display value="ROUTE"/>
          </target>
          <endpoint value="ROUTE"/>
        </destination>
        <sender>
          <identifier>
            <system value="https://fhir.nhs.uk/Id/ods-organization-code"/>
            <value value="RCB"/>
          </identifier>
          <display value="RCB"/>
        </sender>
        <source>
          <name value="PAS"/>
          <endpoint value="PAS"/>
        </source>
        <focus>
          <reference value="urn:oid:221c028d-e15b-4d60-8035-c460c8231fa3"/>
        </focus>
      </MessageHeader>
    </resource>
  </entry>
  <entry>
    <fullUrl value="urn:oid:221c028d-e15b-4d60-8035-c460c8231fa3"/>
    <resource>
      <Patient>
        <id value="221c028d-e15b-4d60-8035-c460c8231fa3"/>
        <text>
          <status value="generated"/><div xmlns="http://www.w3.org/1999/xhtml"><p><b>Generated Narrative</b></p></div>
        </text>
        <identifier>
          <extension url="https://fhir.nhs.uk/R4/StructureDefinition/Extension-UKCore-NHSNumberVerificationStatus">
            <valueCodeableConcept>
              <coding>
                <system value="https://fhir.nhs.uk/R4/CodeSystem/UKCore-NHSNumberVerificationStatus"/>
                <code value="01"/>
              </coding>
            </valueCodeableConcept>
          </extension>
          <system value="https://fhir.nhs.uk/Id/nhs-number"/>
          <value value="3333333333"/>
        </identifier>
        <name>
          <family value="SMITH"/>
          <given value="FREDRICA"/>
          <prefix value="MRS"/>
        </name>
        <telecom>
          <system value="phone"/>
          <value value="+441234567890"/>
          <use value="home"/>
        </telecom>
        <gender value="female"/>
        <birthDate value="1965-11-12"/>
        <address>
          <use value="home"/>
          <city value="MALTON"/>
          <district value="NORTH YORKSHIRE"/>
          <postalCode value="YO32 5TT"/>
        </address>
        <contact>
          <name>
            <family value="SMITH"/>
            <given value="FRANCESCA"/>
            <prefix value="MRS"/>
          </name>
          <address>
            <use value="home"/>
            <city value="MALTON"/>
            <district value="NORTH YORKSHIRE"/>
            <postalCode value="YO32 5TT"/>
          </address>
        </contact>
        <generalPractitioner>
          <identifier>
            <system value="https://fhir.hl7.org.uk/Id/gmc-number"/>
            <value value="G5612908"/>
          </identifier>
          <display value="Dr Gregory Townley"/>
        </generalPractitioner>
        <managingOrganization>
          <identifier>
            <system value="https://fhir.nhs.uk/Id/ods-organization-code"/>
            <value value="Y06601"/>
          </identifier>
          <display value="MALTON GP PRACTICE"/>
        </managingOrganization>
      </Patient>
    </resource>
  </entry>
</Bundle>