{
  "resourceType": "GraphDefinition",
  "id": "nhs111ambulancerequest-information-model",
  "text": {
    "status": "generated",
    "div": "<div xmlns=\"http://www.w3.org/1999/xhtml\"><p><b>Generated Narrative with Details</b></p><p><b>id</b>: nhs111ambulancerequest-information-model</p><p><b>url</b>: <a href=\"https://project-wildfyre.github.io/careconnect-messaging-r4/GraphDefinition/nhs111ambulancerequest-information-model\">https://project-wildfyre.github.io/careconnect-messaging-r4/GraphDefinition/nhs111ambulancerequest-information-model</a></p><p><b>version</b>: 4.0.0</p><p><b>name</b>: Information Model - NHS 111 Ambulance Request</p><p><b>status</b>: draft</p><p><b>date</b>: 3 Mar 2019, 00:00:00</p><p><b>publisher</b>: mayfield-is.co.uk</p><p><b>contact</b>: </p><p><b>description</b>: This message is a request for an ambulance to be dispatched. It contains the information from a NHS 111 encounter required for an ambulance service to be able to dispatch an ambulance.</p><p><b>jurisdiction</b>: United Kingdom of Great Britain and Northern Ireland (GBR) <span style=\"background: LightGoldenRodYellow\">(Details : {http://unstats.un.org/unsd/methods/m49/m49.htm code '826' = 'United Kingdom of Great Britain and Northern Ireland (GBR))</span></p><p><b>start</b>: ServiceRequest</p><p><b>profile</b>: <a href=\"http://hl7.org/fhir/R4/StructureDefinition/ServiceRequest\">http://hl7.org/fhir/R4/StructureDefinition/ServiceRequest</a></p><blockquote><p><b>link</b></p><p><b>id</b>: #serviceRequest</p><p><b>path</b>: Bundle.entry.resource[x]</p><p><b>min</b>: 0</p><p><b>max</b>: *</p><p><b>description</b>: A ServiceEvent can further specialize the act inherent in the ClinicalDocument.code, such as where the Composition.code is simply 'Procedure Report' and the procedure was a 'colonoscopy'.</p><blockquote><p><b>target</b></p><p><b>type</b>: ServiceRequest</p><h3>Links</h3><table class=\"grid\"><tr><td>-</td></tr><tr><td>*</td></tr><tr><td>*</td></tr><tr><td>*</td></tr><tr><td>*</td></tr><tr><td>*</td></tr><tr><td>*</td></tr><tr><td>*</td></tr><tr><td>*</td></tr><tr><td>*</td></tr><tr><td>*</td></tr><tr><td>*</td></tr><tr><td>*</td></tr><tr><td>*</td></tr><tr><td>*</td></tr><tr><td>*</td></tr></table></blockquote></blockquote><blockquote><p><b>link</b></p><p><b>id</b>: #patient</p><p><b>path</b>: Bundle.entry.resource[0]</p><p><b>min</b>: 1</p><p><b>max</b>: 1</p><p><b>description</b>: Patient</p><h3>Targets</h3><table class=\"grid\"><tr><td>-</td><td><b>Type</b></td></tr><tr><td>*</td><td>Patient</td></tr></table></blockquote><blockquote><p><b>link</b></p><p><b>id</b>: #author</p><p><b>path</b>: Bundle.entry.resource[x]</p><p><b>min</b>: 1</p><p><b>max</b>: 1</p><p><b>description</b>: It holds details of how and when the author authored the document.</p><h3>Targets</h3><table class=\"grid\"><tr><td>-</td><td><b>Type</b></td></tr><tr><td>*</td><td>Practitioner</td></tr></table></blockquote><blockquote><p><b>link</b></p><p><b>id</b>: #custodian</p><p><b>path</b>: Bundle.entry.resource[x]</p><p><b>min</b>: 1</p><p><b>max</b>: 1</p><p><b>description</b>: It holds details of how and when the author authored the document.</p><h3>Targets</h3><table class=\"grid\"><tr><td>-</td><td><b>Type</b></td></tr><tr><td>*</td><td>Organization</td></tr></table></blockquote><blockquote><p><b>link</b></p><p><b>id</b>: #recipientOrganisation</p><p><b>path</b>: Bundle.entry.resource[x]</p><p><b>min</b>: 1</p><p><b>max</b>: 1</p><p><b>description</b>: Recieving Ambulance Service.</p><h3>Targets</h3><table class=\"grid\"><tr><td>-</td><td><b>Type</b></td></tr><tr><td>*</td><td>Organization</td></tr></table></blockquote><blockquote><p><b>link</b></p><p><b>id</b>: #triageOutcome</p><p><b>path</b>: Bundle.entry.resource[x]</p><p><b>min</b>: 1</p><p><b>max</b>: 1</p><p><b>description</b>: Triage Outcome (coded)</p><h3>Targets</h3><table class=\"grid\"><tr><td>-</td><td><b>Type</b></td></tr><tr><td>*</td><td>Observation</td></tr></table></blockquote><blockquote><p><b>link</b></p><p><b>id</b>: #triageDisposition</p><p><b>path</b>: Bundle.entry.resource[x]</p><p><b>min</b>: 1</p><p><b>max</b>: 1</p><p><b>description</b>: Triage Disposition (coded)</p><h3>Targets</h3><table class=\"grid\"><tr><td>-</td><td><b>Type</b></td></tr><tr><td>*</td><td>Observation</td></tr></table></blockquote><blockquote><p><b>link</b></p><p><b>id</b>: #clinicalDiscriminator</p><p><b>path</b>: Bundle.entry.resource[x]</p><p><b>min</b>: 1</p><p><b>max</b>: 1</p><p><b>description</b>: a concept from the NHS Pathways codes, or a text representation, to describe the clinical discriminator. This is the problem or serviceRequest.reasonCode</p><h3>Targets</h3><table class=\"grid\"><tr><td>-</td><td><b>Type</b></td></tr><tr><td>*</td><td>Condition</td></tr></table></blockquote><blockquote><p><b>link</b></p><p><b>id</b>: #permissionToView</p><p><b>path</b>: Bundle.entry.resource[x]</p><p><b>min</b>: 0</p><p><b>max</b>: *</p><p><b>description</b>: ITK Consent / ITK Permission to View Section</p><h3>Targets</h3><table class=\"grid\"><tr><td>-</td><td><b>Type</b></td></tr><tr><td>*</td><td>Consent</td></tr></table></blockquote><blockquote><p><b>link</b></p><p><b>id</b>: #encompassingEncounter</p><p><b>path</b>: Bundle.entry.resource[x]</p><p><b>min</b>: 1</p><p><b>max</b>: 1</p><p><b>description</b>: This is a component of relationship it is used to link the document header to the EncompassingEncounter that the document is documenting.</p><blockquote><p><b>target</b></p><p><b>type</b>: Encounter</p><h3>Links</h3><table class=\"grid\"><tr><td>-</td></tr><tr><td>*</td></tr><tr><td>*</td></tr></table></blockquote></blockquote><blockquote><p><b>link</b></p><p><b>id</b>: #serviceLocation</p><p><b>path</b>: Bundle.entry.resource[x]</p><p><b>min</b>: 1</p><p><b>max</b>: 1</p><p><b>description</b>: This is the location where the NHS 111 encounter call was made from by the patient or third party on behalf of the patient.</p><h3>Targets</h3><table class=\"grid\"><tr><td>-</td><td><b>Type</b></td></tr><tr><td>*</td><td>Location</td></tr></table></blockquote><blockquote><p><b>link</b></p><p><b>id</b>: #traumaFlag</p><p><b>path</b>: Bundle.entry.resource[x]</p><p><b>min</b>: 0</p><p><b>max</b>: 1</p><p><b>description</b>: (pertinent Information Questionnaire item?) It is used to indicate information about whether the patient has suffered trauma pertinent to the ambulance request.</p><h3>Targets</h3><table class=\"grid\"><tr><td>-</td><td><b>Type</b></td></tr><tr><td>*</td><td>Flag</td></tr></table></blockquote><blockquote><p><b>link</b></p><p><b>id</b>: #fireFlag</p><p><b>path</b>: Bundle.entry.resource[x]</p><p><b>min</b>: 0</p><p><b>max</b>: 1</p><p><b>description</b>: (pertinent Information Questionnaire item?) It is used to indicate information about whether there is a risk of fire at the incident scene pertinent to the ambulance request.</p><h3>Targets</h3><table class=\"grid\"><tr><td>-</td><td><b>Type</b></td></tr><tr><td>*</td><td>Flag</td></tr></table></blockquote><blockquote><p><b>link</b></p><p><b>id</b>: #safeFlag</p><p><b>path</b>: Bundle.entry.resource[x]</p><p><b>min</b>: 0</p><p><b>max</b>: 1</p><p><b>description</b>: (pertinent Information Questionnaire item?) It is used to indicate information about whether the scene is safe pertinent to the ambulance request.</p><h3>Targets</h3><table class=\"grid\"><tr><td>-</td><td><b>Type</b></td></tr><tr><td>*</td><td>Flag</td></tr></table></blockquote><blockquote><p><b>link</b></p><p><b>id</b>: #policeFlag</p><p><b>path</b>: Bundle.entry.resource[x]</p><p><b>min</b>: 0</p><p><b>max</b>: 1</p><p><b>description</b>: (pertinent Information Questionnaire item?) It is used to indicate information about whether police are in attendance at the incident scence pertinent to the ambulance request</p><h3>Targets</h3><table class=\"grid\"><tr><td>-</td><td><b>Type</b></td></tr><tr><td>*</td><td>Flag</td></tr></table></blockquote><blockquote><p><b>link</b></p><p><b>id</b>: #trappedFlag</p><p><b>path</b>: Bundle.entry.resource[x]</p><p><b>min</b>: 0</p><p><b>max</b>: 1</p><p><b>description</b>: (pertinent Information Questionnaire item?) It is used to indicate information about whether the patient is trapped pertinent to the ambulance request.</p><h3>Targets</h3><table class=\"grid\"><tr><td>-</td><td><b>Type</b></td></tr><tr><td>*</td><td>Flag</td></tr></table></blockquote><blockquote><p><b>link</b></p><p><b>id</b>: #clinicalNotes</p><p><b>path</b>: Bundle.entry.resource[x]</p><p><b>min</b>: 1</p><p><b>max</b>: 1</p><p><b>description</b>: pertinent Information AdditionalNotes - this could be annotation in the serviceRequest</p><h3>Targets</h3><table class=\"grid\"><tr><td>-</td><td><b>Type</b></td></tr><tr><td>*</td><td>Composition</td></tr></table></blockquote></div>"
  },
  "url": "https://project-wildfyre.github.io/careconnect-messaging-r4/GraphDefinition/nhs111ambulancerequest-information-model",
  "version": "4.0.0",
  "name": "Information Model - NHS 111 Ambulance Request",
  "status": "draft",
  "date": "2019-03-03T00:00:00+00:00",
  "publisher": "mayfield-is.co.uk",
  "contact": [
    {
      "telecom": [
        {
          "system": "email",
          "value": "mailto:kevin.mayfield@mayfield-is.co.uk"
        }
      ]
    }
  ],
  "description": "This message is a request for an ambulance to be dispatched. It contains the information from a NHS 111 encounter required for an ambulance service to be able to dispatch an ambulance.",
  "jurisdiction": [
    {
      "coding": [
        {
          "system": "http://unstats.un.org/unsd/methods/m49/m49.htm",
          "code": "826"
        }
      ]
    }
  ],
  "start": "ServiceRequest",
  "profile": "http://hl7.org/fhir/R4/StructureDefinition/ServiceRequest",
  "link": [
    {
      "id": "#serviceRequest",
      "path": "Bundle.entry.resource[x]",
      "min": 0,
      "max": "*",
      "description": "A ServiceEvent can further specialize the act inherent in the ClinicalDocument.code, such as where the Composition.code is simply 'Procedure Report' and the procedure was a 'colonoscopy'.",
      "target": [
        {
          "type": "ServiceRequest",
          "link": [
            {
              "path": "ServiceRequest.subject",
              "min": 1,
              "max": "1",
              "description": "The patient. This comes from Encounter in ITK but would also be from ServiceRequest in FHIR",
              "target": [
                {
                  "extension": [
                    {
                      "url": "https://fhir.mayfield-is.co.uk/extension-GraphDefinition.targetLinkId",
                      "valueString": "#patient"
                    }
                  ],
                  "type": "Patient"
                }
              ]
            },
            {
              "path": "ServiceRequest.requestor",
              "min": 1,
              "max": "1",
              "description": "This links the ambulance request to author of the request.",
              "target": [
                {
                  "extension": [
                    {
                      "url": "https://fhir.mayfield-is.co.uk/extension-GraphDefinition.targetLinkId",
                      "valueString": "#custodian"
                    }
                  ],
                  "type": "Organization"
                },
                {
                  "extension": [
                    {
                      "url": "https://fhir.mayfield-is.co.uk/extension-GraphDefinition.targetLinkId",
                      "valueString": "#author"
                    }
                  ],
                  "type": "Practitioner"
                }
              ]
            },
            {
              "path": "ServiceRequest.performer",
              "min": 1,
              "max": "1",
              "description": "It is used for the list of recipients of the ambulance request message.",
              "target": [
                {
                  "extension": [
                    {
                      "url": "https://fhir.mayfield-is.co.uk/extension-GraphDefinition.targetLinkId",
                      "valueString": "#recipientOrganisation"
                    }
                  ],
                  "type": "Organization"
                }
              ]
            },
            {
              "path": "ServiceRequest.replaces",
              "min": 0,
              "max": "1",
              "description": "It is used when the ambulance request message is being replaced by an updated version. The new and previous ambulance request must be for the same NHS 111 case.(i.e. have the same case id). The ambulance request being sent replaces the one referenced in previous ambulance request class.",
              "target": [
                {
                  "type": "ServiceRequest"
                }
              ]
            },
            {
              "path": "ServiceRequest.supportingInformation[x]",
              "sliceName": "TriageOutcome",
              "min": 1,
              "max": "1",
              "description": "Justifying Triage Outcome ",
              "target": [
                {
                  "extension": [
                    {
                      "url": "https://fhir.mayfield-is.co.uk/extension-GraphDefinition.targetLinkId",
                      "valueString": "#triageOutcome"
                    }
                  ],
                  "type": "Observation"
                }
              ]
            },
            {
              "path": "ServiceRequest.supportingInformation[x]",
              "min": 0,
              "max": "1",
              "description": "Triage Disposition",
              "target": [
                {
                  "extension": [
                    {
                      "url": "https://fhir.mayfield-is.co.uk/extension-GraphDefinition.targetLinkId",
                      "valueString": "#triageDisposition"
                    }
                  ],
                  "type": "Observation"
                }
              ]
            },
            {
              "path": "ServiceRequest.supportingInformation[x]",
              "min": 0,
              "max": "*",
              "description": "Clinical Discriminator",
              "target": [
                {
                  "extension": [
                    {
                      "url": "https://fhir.mayfield-is.co.uk/extension-GraphDefinition.targetLinkId",
                      "valueString": "#clinicalDiscriminator"
                    }
                  ],
                  "type": "Condition"
                }
              ]
            },
            {
              "path": "ServiceRequest.supportingInformation[x]",
              "min": 0,
              "max": "1",
              "description": "Used to carry additional notes pertinent to the ambulance request.",
              "target": [
                {
                  "extension": [
                    {
                      "url": "https://fhir.mayfield-is.co.uk/extension-GraphDefinition.targetLinkId",
                      "valueString": "#clinicalNotes"
                    }
                  ],
                  "type": "Composition"
                }
              ]
            },
            {
              "path": "ServiceRequest.supportingInformation[x]",
              "sliceName": "PermissionToView",
              "min": 0,
              "max": "1",
              "description": "It is used to carry the Permission To View outcome.",
              "target": [
                {
                  "extension": [
                    {
                      "url": "https://fhir.mayfield-is.co.uk/extension-GraphDefinition.targetLinkId",
                      "valueString": "#permissionToView"
                    }
                  ],
                  "type": "Consent"
                }
              ]
            },
            {
              "path": "ServiceRequest.encounter",
              "min": 1,
              "max": "1",
              "description": "It is used when the ambulance request message is being replaced by an updated version. The new and previous ambulance request must be for the same NHS 111 case.(i.e. have the same case id). The ambulance request being sent replaces the one referenced in previous ambulance request class.",
              "target": [
                {
                  "extension": [
                    {
                      "url": "https://fhir.mayfield-is.co.uk/extension-GraphDefinition.targetLinkId",
                      "valueString": "#encompassingEncounter"
                    }
                  ],
                  "type": "Encounter"
                }
              ]
            },
            {
              "path": "ServiceRequest.supportingInformation[x]",
              "sliceName": "TraumaFlag",
              "min": 1,
              "max": "1",
              "description": "It is used to indicate information about whether the patient has suffered trauma pertinent to the ambulance request.",
              "target": [
                {
                  "extension": [
                    {
                      "url": "https://fhir.mayfield-is.co.uk/extension-GraphDefinition.targetLinkId",
                      "valueString": "#traumaFlag"
                    }
                  ],
                  "type": "Flag"
                }
              ]
            },
            {
              "path": "ServiceRequest.supportingInformation[x]",
              "sliceName": "FireFlag",
              "min": 1,
              "max": "1",
              "description": "It is used to indicate information about whether there is a risk of fire at the incident scene pertinent to the ambulance request.",
              "target": [
                {
                  "extension": [
                    {
                      "url": "https://fhir.mayfield-is.co.uk/extension-GraphDefinition.targetLinkId",
                      "valueString": "#fireFlag"
                    }
                  ],
                  "type": "Flag"
                }
              ]
            },
            {
              "path": "ServiceRequest.supportingInformation[x]",
              "sliceName": "SceneSafeFlag",
              "min": 1,
              "max": "1",
              "description": "It is used to indicate information about whether the scene is safe pertinent to the ambulance request.",
              "target": [
                {
                  "extension": [
                    {
                      "url": "https://fhir.mayfield-is.co.uk/extension-GraphDefinition.targetLinkId",
                      "valueString": "#safeFlag"
                    }
                  ],
                  "type": "Flag"
                }
              ]
            },
            {
              "path": "ServiceRequest.supportingInformation[x]",
              "sliceName": "PoliceFlag",
              "min": 1,
              "max": "1",
              "description": "It is used to indicate information about whether police are in attendance at the incident scence pertinent to the ambulance request",
              "target": [
                {
                  "extension": [
                    {
                      "url": "https://fhir.mayfield-is.co.uk/extension-GraphDefinition.targetLinkId",
                      "valueString": "#policeFlag"
                    }
                  ],
                  "type": "Flag"
                }
              ]
            },
            {
              "path": "ServiceRequest.supportingInformation[x]",
              "sliceName": "TrappedFlag",
              "min": 1,
              "max": "1",
              "description": "It is used to indicate information about whether the patient is trapped pertinent to the ambulance request.",
              "target": [
                {
                  "extension": [
                    {
                      "url": "https://fhir.mayfield-is.co.uk/extension-GraphDefinition.targetLinkId",
                      "valueString": "#trappedFlag"
                    }
                  ],
                  "type": "Flag"
                }
              ]
            }
          ]
        }
      ]
    },
    {
      "id": "#patient",
      "path": "Bundle.entry.resource[0]",
      "min": 1,
      "max": "1",
      "description": "Patient",
      "target": [
        {
          "type": "Patient"
        }
      ]
    },
    {
      "id": "#author",
      "path": "Bundle.entry.resource[x]",
      "min": 1,
      "max": "1",
      "description": "It holds details of how and when the author authored the document.",
      "target": [
        {
          "type": "Practitioner"
        }
      ]
    },
    {
      "id": "#custodian",
      "path": "Bundle.entry.resource[x]",
      "min": 1,
      "max": "1",
      "description": "It holds details of how and when the author authored the document.",
      "target": [
        {
          "type": "Organization"
        }
      ]
    },
    {
      "id": "#recipientOrganisation",
      "path": "Bundle.entry.resource[x]",
      "min": 1,
      "max": "1",
      "description": "Recieving Ambulance Service.",
      "target": [
        {
          "type": "Organization"
        }
      ]
    },
    {
      "id": "#triageOutcome",
      "path": "Bundle.entry.resource[x]",
      "min": 1,
      "max": "1",
      "description": "Triage Outcome (coded)",
      "target": [
        {
          "type": "Observation"
        }
      ]
    },
    {
      "id": "#triageDisposition",
      "path": "Bundle.entry.resource[x]",
      "min": 1,
      "max": "1",
      "description": "Triage Disposition (coded)",
      "target": [
        {
          "type": "Observation"
        }
      ]
    },
    {
      "id": "#clinicalDiscriminator",
      "path": "Bundle.entry.resource[x]",
      "min": 1,
      "max": "1",
      "description": "a concept from the NHS Pathways codes, or a text representation, to describe the clinical discriminator. This is the problem or serviceRequest.reasonCode",
      "target": [
        {
          "type": "Condition"
        }
      ]
    },
    {
      "id": "#permissionToView",
      "path": "Bundle.entry.resource[x]",
      "min": 0,
      "max": "*",
      "description": "ITK Consent / ITK Permission to View Section",
      "target": [
        {
          "type": "Consent"
        }
      ]
    },
    {
      "id": "#encompassingEncounter",
      "path": "Bundle.entry.resource[x]",
      "min": 1,
      "max": "1",
      "description": "This is a component of relationship it is used to link the document header to the EncompassingEncounter that the document is documenting.",
      "target": [
        {
          "type": "Encounter",
          "link": [
            {
              "path": "Encounter.location",
              "min": 1,
              "max": "1",
              "description": "This is the location where the NHS 111 encounter call was made from by the patient or third party on behalf of the patient.",
              "target": [
                {
                  "extension": [
                    {
                      "url": "https://fhir.mayfield-is.co.uk/extension-GraphDefinition.targetLinkId",
                      "valueString": "#serviceLocation"
                    }
                  ],
                  "type": "Location"
                }
              ]
            },
            {
              "path": "Encounter.reasonReference",
              "min": 1,
              "max": "1",
              "description": "Possibly location of clinical discriminator (which appears to be the problem). ",
              "target": [
                {
                  "extension": [
                    {
                      "url": "https://fhir.mayfield-is.co.uk/extension-GraphDefinition.targetLinkId",
                      "valueString": "#clinicalDiscriminator"
                    }
                  ],
                  "type": "Condition"
                }
              ]
            }
          ]
        }
      ]
    },
    {
      "id": "#serviceLocation",
      "path": "Bundle.entry.resource[x]",
      "min": 1,
      "max": "1",
      "description": "This is the location where the NHS 111 encounter call was made from by the patient or third party on behalf of the patient.",
      "target": [
        {
          "type": "Location"
        }
      ]
    },
    {
      "id": "#traumaFlag",
      "path": "Bundle.entry.resource[x]",
      "min": 0,
      "max": "1",
      "description": "(pertinent Information Questionnaire item?) It is used to indicate information about whether the patient has suffered trauma pertinent to the ambulance request.",
      "target": [
        {
          "type": "Flag"
        }
      ]
    },
    {
      "id": "#fireFlag",
      "path": "Bundle.entry.resource[x]",
      "min": 0,
      "max": "1",
      "description": "(pertinent Information Questionnaire item?) It is used to indicate information about whether there is a risk of fire at the incident scene pertinent to the ambulance request.",
      "target": [
        {
          "type": "Flag"
        }
      ]
    },
    {
      "id": "#safeFlag",
      "path": "Bundle.entry.resource[x]",
      "min": 0,
      "max": "1",
      "description": "(pertinent Information Questionnaire item?) It is used to indicate information about whether the scene is safe pertinent to the ambulance request.",
      "target": [
        {
          "type": "Flag"
        }
      ]
    },
    {
      "id": "#policeFlag",
      "path": "Bundle.entry.resource[x]",
      "min": 0,
      "max": "1",
      "description": "(pertinent Information Questionnaire item?) It is used to indicate information about whether police are in attendance at the incident scence pertinent to the ambulance request",
      "target": [
        {
          "type": "Flag"
        }
      ]
    },
    {
      "id": "#trappedFlag",
      "path": "Bundle.entry.resource[x]",
      "min": 0,
      "max": "1",
      "description": "(pertinent Information Questionnaire item?) It is used to indicate information about whether the patient is trapped pertinent to the ambulance request.",
      "target": [
        {
          "type": "Flag"
        }
      ]
    },
    {
      "id": "#clinicalNotes",
      "path": "Bundle.entry.resource[x]",
      "min": 1,
      "max": "1",
      "description": "pertinent Information AdditionalNotes - this could be annotation in the serviceRequest",
      "target": [
        {
          "type": "Composition"
        }
      ]
    }
  ]
}