<?xml version="1.0" encoding="UTF-8"?>

<ImplementationGuide xmlns="http://hl7.org/fhir">
  <id value="careconnect-messaging-stu3"/>
  <text>
    <status value="generated"/><div xmlns="http://www.w3.org/1999/xhtml"><h2>Care Connect Messaing</h2><p>The official URL for this implementation guide is: </p><pre>https://kevinmayfield.github.io/careconnect-api-stu3/ImplementationGuide/careconnect-messaging-stu3</pre><div><p>Demonstration of Care Connect STU3 Implementation Guide to support Messaging</p>
</div></div>
  </text>
  <url value="https://kevinmayfield.github.io/careconnect-api-stu3/ImplementationGuide/careconnect-messaging-stu3"/>
  <name value="Care Connect Messaing"/>
  <status value="draft"/>
  <experimental value="false"/>
  <date value="2019-12-19T16:34:56+00:00"/>
  <publisher value="mayfield-is.co.uk"/>
  <contact>
    <telecom>
      <system value="email"/>
      <value value="kevin.mayfield@mayfield-is.co.uk"/>
    </telecom>
  </contact>
  <description value="Demonstration of Care Connect STU3 Implementation Guide to support Messaging"/>
  <jurisdiction>
    <coding>
      <system value="http://unstats.un.org/unsd/methods/m49/m49.htm"/>
      <code value="826"/>
    </coding>
  </jurisdiction>
  <fhirVersion value="3.0.2"/>
  <package id="uk-examples">
    <name value="CareConnect Examples"/>
    <description value="These are example instances that show what data produced and consumed by systems conforming with this implementation guide might look like"/>
    <resource>
      <extension url="http://hl7.org/fhir/tools/StructureDefinition/resource-information">
        <valueString value="Bundle"/>
      </extension>
      <extension url="http://hl7.org/fhir/StructureDefinition/implementationguide-page">
        <valueUri value="Bundle-adta02.html"/>
      </extension>
      <example value="true"/>
      <name value="ADT^A02 FHIR Message"/>
      <description value="ADT^A02 FHIR Message - Transfer a patient"/>
      <sourceReference>
        <reference value="Bundle/adta02"/>
      </sourceReference>
    </resource>
    <resource>
      <extension url="http://hl7.org/fhir/tools/StructureDefinition/resource-information">
        <valueString value="Bundle"/>
      </extension>
      <extension url="http://hl7.org/fhir/StructureDefinition/implementationguide-page">
        <valueUri value="Bundle-adta28.html"/>
      </extension>
      <example value="true"/>
      <name value="ADT^A28 FHIR Message"/>
      <description value="ADT^A28 FHIR Message - Add person information"/>
      <sourceReference>
        <reference value="Bundle/adta28"/>
      </sourceReference>
    </resource>
    <resource>
      <extension url="http://hl7.org/fhir/tools/StructureDefinition/resource-information">
        <valueString value="Bundle"/>
      </extension>
      <extension url="http://hl7.org/fhir/StructureDefinition/implementationguide-page">
        <valueUri value="Bundle-orur01.html"/>
      </extension>
      <example value="true"/>
      <name value="ORU^R01 FHIR Message"/>
      <description value="ORU^R01 FHIR Message - Unsolicited Transmission Of Requested Information"/>
      <sourceReference>
        <reference value="Bundle/orur01"/>
      </sourceReference>
    </resource>
  </package>
  <page>
    <source value="toc.html"/>
    <title value="Table of Contents"/>
    <kind value="page"/>
    <page>
      <source value="index.html"/>
      <title value="Care Connect Messaging"/>
      <kind value="resource"/>
    </page>
    <page>
      <source value="hl7v2tofhir.html"/>
      <title value="HL7v2 to FHIR Conversion"/>
      <kind value="resource"/>
    </page>
    <page>
      <source value="downloads.html"/>
      <title value="Useful Downloads"/>
      <kind value="resource"/>
    </page>
    <page>
      <source value="changes.html"/>
      <title value="IG Change History"/>
      <kind value="resource"/>
    </page>
  </page>
</ImplementationGuide>