{
  "resourceType": "MessageDefinition",
  "id": "patient-create",
  "text": {
    "status": "generated",
    "div": "<div xmlns=\"http://www.w3.org/1999/xhtml\"><p><b>Generated Narrative with Details</b></p><p><b>id</b>: patient-create</p><p><b>url</b>: <a href=\"https://project-wildfyre.github.io/careconnect-messaging-r4/MessageDefinition/patient-create\">https://project-wildfyre.github.io/careconnect-messaging-r4/MessageDefinition/patient-create</a></p><p><b>identifier</b>: c81b88dc-760e-4b1e-9cdb-c5f853630664</p><p><b>version</b>: 4.0.0</p><p><b>title</b>: Patient Create</p><p><b>status</b>: active</p><p><b>date</b>: 14 May 2020, 11:01:21</p><p><b>publisher</b>: gmdigitialplatforms.nhs.uk</p><p><b>contact</b>: mailto:kevin.mayfield1@nhs.net</p><p><b>jurisdiction</b>: United Kingdom of Great Britain and Northern Ireland (GBR) <span style=\"background: LightGoldenRodYellow\">(Details : {http://unstats.un.org/unsd/methods/m49/m49.htm code '826' = 'United Kingdom of Great Britain and Northern Ireland (GBR))</span></p><p><b>copyright</b>: Copyright © 2020 Project Wildfyre</p><p><b>event</b>: Patient Create (Details: https://project-wildfyre.github.io/careconnect-messaging-r4/CodeSystem/message-events code patient-create = 'patient-create', stated as 'Patient Create')</p><p><b>category</b>: notification</p><h3>Focus</h3><table class=\"grid\"><tr><td>-</td><td><b>Code</b></td><td><b>Profile</b></td><td><b>Min</b></td><td><b>Max</b></td></tr><tr><td>*</td><td>Patient</td><td><a href=\"https://fhir.nhs.uk/R4/StructureDefinition/UKCore-Patient\">https://fhir.nhs.uk/R4/StructureDefinition/UKCore-Patient</a></td><td>1</td><td>1</td></tr></table></div>"
  },
  "url": "https://project-wildfyre.github.io/careconnect-messaging-r4/MessageDefinition/patient-create",
  "identifier": [
    {
      "system": "https://tools.ietf.org/html/rfc4122",
      "value": "c81b88dc-760e-4b1e-9cdb-c5f853630664"
    }
  ],
  "version": "4.0.0",
  "title": "Patient Create",
  "status": "active",
  "date": "2020-05-14T11:01:21+01:00",
  "publisher": "gmdigitialplatforms.nhs.uk",
  "contact": [
    {
      "telecom": [
        {
          "system": "email",
          "value": "mailto:kevin.mayfield1@nhs.net"
        }
      ]
    }
  ],
  "jurisdiction": [
    {
      "coding": [
        {
          "system": "http://unstats.un.org/unsd/methods/m49/m49.htm",
          "code": "826"
        }
      ]
    }
  ],
  "copyright": "Copyright © 2020 Project Wildfyre",
  "eventCoding": {
    "system": "https://project-wildfyre.github.io/careconnect-messaging-r4/CodeSystem/message-events",
    "code": "patient-create",
    "display": "Patient Create"
  },
  "category": "notification",
  "focus": [
    {
      "code": "Patient",
      "profile": "https://fhir.nhs.uk/R4/StructureDefinition/UKCore-Patient",
      "min": 1,
      "max": "1"
    }
  ]
}