<?xml version="1.0" encoding="UTF-8"?>

<MessageDefinition xmlns="http://hl7.org/fhir">
  <id value="unsolicited-observation"/>
  <text>
    <status value="generated"/><div xmlns="http://www.w3.org/1999/xhtml"><p><b>Generated Narrative with Details</b></p><p><b>id</b>: unsolicited-observation</p><p><b>url</b>: <a href="https://project-wildfyre.github.io/careconnect-messaging-r4/MessageDefinition/unsolicited-observation">https://project-wildfyre.github.io/careconnect-messaging-r4/MessageDefinition/unsolicited-observation</a></p><p><b>version</b>: 4.0.0</p><p><b>title</b>: Unsolicited Observation Message</p><p><b>status</b>: active</p><p><b>date</b>: 22 Aug 2019, 12:49:51</p><p><b>publisher</b>: gmdigitialplatforms.nhs.uk</p><p><b>contact</b>: </p><p><b>jurisdiction</b>: United Kingdom of Great Britain and Northern Ireland (GBR) <span style="background: LightGoldenRodYellow">(Details : {http://unstats.un.org/unsd/methods/m49/m49.htm code '826' = 'United Kingdom of Great Britain and Northern Ireland (GBR))</span></p><p><b>copyright</b>: Copyright © 2020 Greater Manchester NHS</p><p><b>event</b>: Unsolicited Observation Message (Details: https://project-wildfyre.github.io/careconnect-messaging-r4/CodeSystem/message-events code unsolicited-observation = 'Unsolicited transmission of an observation message', stated as 'Unsolicited Observation Message')</p><p><b>category</b>: notification</p><h3>Focus</h3><table class="grid"><tr><td>-</td><td><b>Code</b></td><td><b>Profile</b></td><td><b>Min</b></td><td><b>Max</b></td></tr><tr><td>*</td><td>DiagnosticReport</td><td><a href="https://fhir.nhs.uk/R4/StructureDefinition/UKCore-DiagnosticReport">https://fhir.nhs.uk/R4/StructureDefinition/UKCore-DiagnosticReport</a></td><td>1</td><td>1</td></tr></table></div>
  </text>
  <url value="https://project-wildfyre.github.io/careconnect-messaging-r4/MessageDefinition/unsolicited-observation"/>
  <version value="4.0.0"/>
  <title value="Unsolicited Observation Message"/>
  <status value="active"/>
  <date value="2019-08-22T12:49:51+01:00"/>
  <publisher value="gmdigitialplatforms.nhs.uk"/>
  <contact>
    <telecom>
      <system value="email"/>
      <value value="mailto:kevin.mayfield1@nhs.net"/>
    </telecom>
  </contact>
  <jurisdiction>
    <coding>
      <system value="http://unstats.un.org/unsd/methods/m49/m49.htm"/>
      <code value="826"/>
    </coding>
  </jurisdiction>
  <copyright value="Copyright &#xA9; 2020 Greater Manchester NHS"/>
  <eventCoding>
    <system value="https://project-wildfyre.github.io/careconnect-messaging-r4/CodeSystem/message-events"/>
    <code value="unsolicited-observation"/>
    <display value="Unsolicited Observation Message"/>
  </eventCoding>
  <category value="notification"/>
  <focus>
    <code value="DiagnosticReport"/>
    <profile value="https://fhir.nhs.uk/R4/StructureDefinition/UKCore-DiagnosticReport"/>
    <min value="1"/>
    <max value="1"/>
  </focus>
</MessageDefinition>