{
    "package-id" : "careconnect.messaging.stu3",
    "title" : "Example CareConnect Messaging STU3",
    "canonical" : "https://kevinmayfield.github.io/careconnect-messaging-stu3",
    "introduction" : "The introduction that should appear in the FHIR IG registry",
    "list" : [{
     "version" : "current",
      "fhirversion": "3.0.2",
      "date" : "2019-12-19",
      "desc" : "Continuous Integration Build (latest in version control)",
     "path" : "http://build.fhir.org/ig/kevinmayfield/careconnect-messaging-stu3",
     "status" : "ci-build",
     "current" : true,
      "sequence" : "STU3"
    },{
     "version" : "3.0.0",
      "fhirversion": "3.0.2",
     "date" : "2019-12-19",
     "desc" : "Initial STU ballot (Mmm yyyy Ballot)",   
     "path" : "https://kevinmayfield.github.io/careconnect-messaging-stu3",
     "status" : "draft",
     "sequence" : "STU3"
    }]
   }