<?xml version="1.0" encoding="UTF-8"?>

<Questionnaire xmlns="http://hl7.org/fhir">
  <id value="covid-19-public"/>
  <text>
    <status value="generated"/><div xmlns="http://www.w3.org/1999/xhtml"><p><b>Generated Narrative with Details</b></p><p><b>id</b>: covid-19-public</p><p><b>url</b>: <b>https://project-wildfyre.github.io/careconnect-messaging-r4/Questionnaire/covid-19-public</b></p><p><b>identifier</b>: covid-19-public</p><p><b>version</b>: 4.0.0</p><p><b>name</b>: COVID-19 Assessment</p><p><b>title</b>: COVID-19 Assessment</p><p><b>status</b>: DRAFT</p><p><b>subjectType</b>: Patient</p><p><b>date</b>: 23 Apr 2020, 06:19:40</p><p><b>publisher</b>: mayfield-is.co.uk</p><p><b>contact</b>: </p><p><b>description</b>: To record the information required to evaluate the potential risk of Covid-19 infection, as part of professional screening or self-assessment. This is heavily based on the current NHS-111 UK self-assessment app at https://111.nhs.uk/covid-19 and a similar risk assessment app developed for pre-hospital admission by DIPS.no. The exact risk factors are subject to continual update as the disease progresses.</p><p><b>jurisdiction</b>: United Kingdom of Great Britain and Northern Ireland (GBR) <span style="background: LightGoldenRodYellow">(Details : {http://unstats.un.org/unsd/methods/m49/m49.htm code '826' = 'United Kingdom of Great Britain and Northern Ireland (GBR))</span></p><blockquote><p><b>item</b></p><p><b>linkId</b>: symptom</p><p><b>type</b>: GROUP</p><p><b>enableBehavior</b>: ANY</p><p><b>repeats</b>: true</p><blockquote><p><b>item</b></p></blockquote><blockquote><p><b>item</b></p></blockquote></blockquote><blockquote><p><b>item</b></p><p><b>linkId</b>: temp</p><p><b>text</b>: Body Temp</p><p><b>type</b>: GROUP</p><p><b>enableBehavior</b>: ANY</p><p><b>repeats</b>: true</p><h3>Items</h3><table class="grid"><tr><td>-</td><td><b>LinkId</b></td><td><b>Text</b></td><td><b>Type</b></td><td><b>EnableBehavior</b></td></tr><tr><td>*</td><td>tempcel</td><td>Temperature (0-100 Celsius)</td><td>QUANTITY</td><td>ANY</td></tr></table></blockquote><blockquote><p><b>item</b></p><p><b>linkId</b>: travel</p><p><b>text</b>: Travel trip history</p><p><b>type</b>: GROUP</p><p><b>enableBehavior</b>: ANY</p><h3>Items</h3><table class="grid"><tr><td>-</td><td><b>LinkId</b></td><td><b>Text</b></td><td><b>Type</b></td><td><b>EnableBehavior</b></td></tr><tr><td>*</td><td>recent</td><td>Recent Travel</td><td>DATE</td><td>ANY</td></tr><tr><td>*</td><td>dateofreturn</td><td>Date of Return</td><td>BOOLEAN</td><td>ANY</td></tr></table></blockquote><blockquote><p><b>item</b></p><p><b>linkId</b>: risks</p><p><b>text</b>: Covid-19 infection risk assessment</p><p><b>type</b>: GROUP</p><blockquote><p><b>item</b></p></blockquote><blockquote><p><b>item</b></p></blockquote><blockquote><p><b>item</b></p></blockquote><blockquote><p><b>item</b></p></blockquote><blockquote><p><b>item</b></p></blockquote><blockquote><p><b>item</b></p></blockquote></blockquote></div>
  </text>
  <url value="https://project-wildfyre.github.io/careconnect-messaging-r4/Questionnaire/covid-19-public"/>
  <identifier>
    <system value="https://project-wildfyre.github.io/careconnect-messaging-r4/Questionnaire"/>
    <value value="covid-19-public"/>
  </identifier>
  <version value="4.0.0"/>
  <name value="COVID-19 Assessment"/>
  <title value="COVID-19 Assessment"/>
  <status value="draft"/>
  <subjectType value="Patient"/>
  <date value="2020-04-23T06:19:40+01:00"/>
  <publisher value="mayfield-is.co.uk"/>
  <contact>
    <telecom>
      <system value="email"/>
      <value value="mailto:kevin.mayfield1@nhs.net"/>
    </telecom>
  </contact>
  <description value="To record the information required to evaluate the potential risk of Covid-19 infection, as part of professional screening or self-assessment. This is heavily based on the current NHS-111 UK self-assessment app at https://111.nhs.uk/covid-19 and a similar risk assessment app developed for pre-hospital admission by DIPS.no. The exact risk factors are subject to continual update as the disease progresses."/>
  <jurisdiction>
    <coding>
      <system value="http://unstats.un.org/unsd/methods/m49/m49.htm"/>
      <code value="826"/>
    </coding>
  </jurisdiction>
  <item>
    <linkId value="symptom"/>
    <type value="group"/>
    <enableBehavior value="any"/>
    <repeats value="true"/>
    <item>
      <linkId value="sympton-type"/>
      <text value="Symptom"/>
      <type value="open-choice"/>
      <enableBehavior value="any"/>
      <answerOption>
        <valueCoding>
          <system value="http://snomed.info/sct"/>
          <code value="315642008"/>
          <display value="Influenza-like symptoms"/>
        </valueCoding>
      </answerOption>
      <answerOption>
        <valueCoding>
          <system value="http://snomed.info/sct"/>
          <code value="49727002"/>
          <display value="Cough"/>
        </valueCoding>
      </answerOption>
      <answerOption>
        <valueCoding>
          <system value="http://snomed.info/sct"/>
          <code value="386661006"/>
          <display value="Fever"/>
        </valueCoding>
      </answerOption>
      <answerOption>
        <valueCoding>
          <system value="http://snomed.info/sct"/>
          <code value="230145002"/>
          <display value="Difficulty breathing"/>
        </valueCoding>
      </answerOption>
      <answerOption>
        <valueCoding>
          <system value="http://snomed.info/sct"/>
          <code value="162397003"/>
          <display value="Pain in throat"/>
        </valueCoding>
      </answerOption>
    </item>
    <item>
      <linkId value="sympton-date"/>
      <text value="onset"/>
      <type value="date"/>
      <enableBehavior value="any"/>
    </item>
  </item>
  <item>
    <linkId value="temp"/>
    <text value="Body Temp"/>
    <type value="group"/>
    <enableBehavior value="any"/>
    <repeats value="true"/>
    <item>
      <linkId value="tempcel"/>
      <text value="Temperature (0-100 Celsius)"/>
      <type value="quantity"/>
      <enableBehavior value="any"/>
    </item>
  </item>
  <item>
    <linkId value="travel"/>
    <text value="Travel trip history"/>
    <type value="group"/>
    <enableBehavior value="any"/>
    <item>
      <linkId value="recent"/>
      <text value="Recent Travel"/>
      <type value="date"/>
      <enableBehavior value="any"/>
    </item>
    <item>
      <linkId value="dateofreturn"/>
      <text value="Date of Return"/>
      <type value="boolean"/>
      <enableBehavior value="any"/>
    </item>
  </item>
  <item>
    <linkId value="risks"/>
    <text value="Covid-19 infection risk assessment"/>
    <type value="group"/>
    <item>
      <linkId value="contact-confirmed-case"/>
      <text value="Contact with confirmed case"/>
      <type value="choice"/>
      <answerValueSet value="https://project-wildfyre.github.io/careconnect-messaging-r4/ValueSet/vs-openehr-presence"/>
    </item>
    <item>
      <linkId value="contact-pneumonia"/>
      <text value="Contact with suspected pneumonia"/>
      <type value="choice"/>
      <answerValueSet value="https://project-wildfyre.github.io/careconnect-messaging-r4/ValueSet/vs-openehr-presence"/>
    </item>
    <item>
      <linkId value="contact-birds-china"/>
      <text value="Contact with birds in China"/>
      <type value="choice"/>
      <answerValueSet value="https://project-wildfyre.github.io/careconnect-messaging-r4/ValueSet/vs-openehr-presence"/>
    </item>
    <item>
      <linkId value="contact-avian-flu"/>
      <text value="Contact with Avian flu"/>
      <type value="choice"/>
      <answerValueSet value="https://project-wildfyre.github.io/careconnect-messaging-r4/ValueSet/vs-openehr-presence"/>
    </item>
    <item>
      <linkId value="contact-severe-resp-disease"/>
      <text value="Contact with severe resp disease"/>
      <type value="choice"/>
      <answerValueSet value="https://project-wildfyre.github.io/careconnect-messaging-r4/ValueSet/vs-openehr-presence"/>
    </item>
    <item>
      <linkId value="contact-locality-exposure"/>
      <type value="group"/>
      <repeats value="true"/>
      <item>
        <linkId value="contact-infected-area"/>
        <text value="Risk Area Exposure"/>
        <type value="choice"/>
        <answerValueSet value="https://project-wildfyre.github.io/careconnect-messaging-r4/ValueSet/vs-openehr-presence"/>
      </item>
      <item>
        <linkId value="contact-infected-area-location"/>
        <text value="Location visited"/>
        <type value="string"/>
      </item>
    </item>
  </item>
</Questionnaire>