{
  "resourceType": "QuestionnaireResponse",
  "id": "covid-19",
  "text": {
    "status": "generated",
    "div": "<div xmlns=\"http://www.w3.org/1999/xhtml\"><p><b>Generated Narrative with Details</b></p><p><b>id</b>: covid-19</p><p><b>identifier</b>: ebd4bc35-1369-4ae6-9909-0a12c7462d04</p><p><b>questionnaire</b>: <a href=\"https://fhir.nhsz.uk/Questionnaire/covid-19-public\">https://fhir.nhsz.uk/Questionnaire/covid-19-public</a></p><p><b>status</b>: completed</p><p><b>subject</b>: <a href=\"urn:oid:29703a7e-238a-4510-a249-ec68ffc8d69c\">urn:oid:29703a7e-238a-4510-a249-ec68ffc8d69c</a></p><p><b>encounter</b>: <a href=\"urn:oid:506ab3bc-8efa-40bc-a7ad-1643d467eb4f\">urn:oid:506ab3bc-8efa-40bc-a7ad-1643d467eb4f</a></p><p><b>authored</b>: 11 Mar 2020, 04:15:00</p><p><b>author</b>: Dr Gregory Townley</p><blockquote><p><b>item</b></p><p><b>linkId</b>: symptom</p><h3>Items</h3><table class=\"grid\"><tr><td>-</td></tr><tr><td>*</td></tr><tr><td>*</td></tr></table></blockquote><blockquote><p><b>item</b></p><p><b>linkId</b>: symptom</p><h3>Items</h3><table class=\"grid\"><tr><td>-</td></tr><tr><td>*</td></tr><tr><td>*</td></tr></table></blockquote><blockquote><p><b>item</b></p><p><b>linkId</b>: temp</p><p><b>text</b>: Body Temp</p><h3>Items</h3><table class=\"grid\"><tr><td>-</td></tr><tr><td>*</td></tr></table></blockquote><blockquote><p><b>item</b></p><p><b>linkId</b>: travel</p><h3>Items</h3><table class=\"grid\"><tr><td>-</td></tr><tr><td>*</td></tr><tr><td>*</td></tr></table></blockquote></div>"
  },
  "identifier": {
    "system": "urn:uuid",
    "value": "ebd4bc35-1369-4ae6-9909-0a12c7462d04"
  },
  "questionnaire": "https://fhir.nhsz.uk/Questionnaire/covid-19-public",
  "status": "completed",
  "subject": {
    "reference": "urn:oid:29703a7e-238a-4510-a249-ec68ffc8d69c"
  },
  "encounter": {
    "reference": "urn:oid:506ab3bc-8efa-40bc-a7ad-1643d467eb4f"
  },
  "authored": "2020-03-11T14:15:00+10:00",
  "author": {
    "id": "A716058C-F9D5-4537-B1E7-D021BD2185A3",
    "identifier": {
      "system": "https://fhir.hl7.org.uk/Id/gmc-number",
      "value": "G5612908"
    },
    "display": "Dr Gregory Townley"
  },
  "item": [
    {
      "linkId": "symptom",
      "item": [
        {
          "linkId": "symptom-type",
          "text": "Symptom",
          "answer": [
            {
              "valueCoding": {
                "system": "http://snomed.info/sct",
                "code": "162397003",
                "display": "Pain in throat"
              }
            }
          ]
        },
        {
          "linkId": "symptom-date",
          "text": "Onset",
          "answer": [
            {
              "valueDate": "2020-03-01"
            }
          ]
        }
      ]
    },
    {
      "linkId": "symptom",
      "item": [
        {
          "linkId": "symptom-type",
          "text": "Symptom",
          "answer": [
            {
              "valueCoding": {
                "system": "http://snomed.info/sct",
                "code": "315642008",
                "display": "Influenza-like symptoms"
              }
            }
          ]
        },
        {
          "linkId": "symptom-date",
          "text": "Onset",
          "answer": [
            {
              "valueDate": "2020-03-01"
            }
          ]
        }
      ]
    },
    {
      "linkId": "temp",
      "text": "Body Temp",
      "item": [
        {
          "linkId": "tempcel",
          "text": "Temperature (0-100 Celsius)",
          "answer": [
            {
              "valueQuantity": {
                "system": "http://unitsofmeasure.org",
                "value": 35,
                "code": "Cel"
              }
            }
          ]
        }
      ]
    },
    {
      "linkId": "travel",
      "item": [
        {
          "linkId": "recent",
          "text": "Recent Travel",
          "answer": [
            {
              "valueBoolean": true
            }
          ]
        },
        {
          "linkId": "dateofreturn",
          "text": "Date of Return",
          "answer": [
            {
              "valueDate": "2020-03-02"
            }
          ]
        }
      ]
    }
  ]
}