{
  "package": "careconnect.messaging.r4",
  "version": "4.0.0",
  "fhirVersion": "4.0.1",
  "jurisdiction": "826",
  "extensions": [],
  "profiles": {},
  "usage": {
    "http://fhir.openhealth.co.uk/Location": [
      "QuestionnaireResponse"
    ],
    "http://fhir.openhealth.co.uk/LocationType": [
      "QuestionnaireResponse"
    ],
    "http://hl7.org/fhir/tools/StructureDefinition/ig-parameter": [
      "ImplementationGuide.definition"
    ],
    "http://hl7.org/fhir/tools/StructureDefinition/resource-information": [
      "ImplementationGuide.definition.resource"
    ],
    "https://fhir.hl7.org.uk/STU3/StructureDefinition/Extension-CareConnect-NHSNumberVerificationStatus-1": [
      "Bundle.entry.resource.identifier"
    ],
    "https://fhir.mayfield-is.co.uk/extension-GraphDefinition.targetLinkId": [
      "GraphDefinition.link.target.link.target"
    ]
  }
}