{
  "resourceType": "MessageDefinition",
  "id": "response-patient-referral",
  "text": {
    "status": "generated",
    "div": "<div xmlns=\"http://www.w3.org/1999/xhtml\"><p><b>Generated Narrative with Details</b></p><p><b>id</b>: response-patient-referral</p><p><b>url</b>: <a href=\"https://project-wildfyre.github.io/careconnect-messaging-r4/MessageDefinition/response-patient-referral\">https://project-wildfyre.github.io/careconnect-messaging-r4/MessageDefinition/response-patient-referral</a></p><p><b>identifier</b>: c81b88dc-760e-4b1e-9cdb-c5f853630664</p><p><b>version</b>: 4.0.0</p><p><b>title</b>: Response Patient Referral</p><p><b>status</b>: active</p><p><b>date</b>: 22 Aug 2019, 12:49:51</p><p><b>publisher</b>: mayfield-is.co.uk</p><p><b>contact</b>: </p><p><b>jurisdiction</b>: United Kingdom of Great Britain and Northern Ireland (GBR) <span style=\"background: LightGoldenRodYellow\">(Details : {http://unstats.un.org/unsd/methods/m49/m49.htm code '826' = 'United Kingdom of Great Britain and Northern Ireland (GBR))</span></p><p><b>copyright</b>: Copyright © 2020 XYZl</p><p><b>category</b>: notification</p><h3>Focus</h3><table class=\"grid\"><tr><td>-</td><td><b>Code</b></td><td><b>Min</b></td><td><b>Max</b></td></tr><tr><td>*</td><td>ServiceRequest</td><td>1</td><td>1</td></tr></table></div>"
  },
  "url": "https://project-wildfyre.github.io/careconnect-messaging-r4/MessageDefinition/response-patient-referral",
  "identifier": [
    {
      "system": "https://tools.ietf.org/html/rfc4122",
      "value": "c81b88dc-760e-4b1e-9cdb-c5f853630664"
    }
  ],
  "version": "4.0.0",
  "title": "Response Patient Referral",
  "status": "active",
  "date": "2019-08-22T12:49:51+01:00",
  "publisher": "mayfield-is.co.uk",
  "contact": [
    {
      "telecom": [
        {
          "system": "email",
          "value": "kevin.mayfield@mayfield-is.co.uk"
        }
      ]
    }
  ],
  "jurisdiction": [
    {
      "coding": [
        {
          "system": "http://unstats.un.org/unsd/methods/m49/m49.htm",
          "code": "826"
        }
      ]
    }
  ],
  "copyright": "Copyright © 2020 XYZl",
  "category": "notification",
  "focus": [
    {
      "code": "ServiceRequest",
      "min": 1,
      "max": "1"
    }
  ]
}