{
  "resourceType": "MessageDefinition",
  "id": "prescription-order",
  "text": {
    "status": "generated",
    "div": "<div xmlns=\"http://www.w3.org/1999/xhtml\"><p><b>Generated Narrative</b></p><p><b>id</b>: prescription-order</p><p><b>url</b>: <a href=\"https://fhir.nhs.uk/R4/MessageDefinition/prescription-order\">https://fhir.nhs.uk/R4/MessageDefinition/prescription-order</a></p><p><b>identifier</b>: c81b88dc-760e-4b1e-9cdb-c5f853630664</p><p><b>version</b>: 4.0.0</p><p><b>title</b>: Pharmacy/Treatment Order</p><p><b>status</b>: active</p><p><b>date</b>: 2020-05-27</p><p><b>publisher</b>: gmdigitialplatforms.nhs.uk</p><p><b>contact</b>: mailto:kevin.mayfield1@nhs.net</p><p><b>jurisdiction</b>: <span title=\"Codes: {http://unstats.un.org/unsd/methods/m49/m49.htm 826}\">United Kingdom of Great Britain and Northern Ireland (GBR)</span></p><p><b>event</b>: <span title=\"{https://fhir.nhs.uk/R4/CodeSystem/message-event prescription-order}\">Prescription Order</span></p><p><b>category</b>: consequence</p><blockquote><p><b>focus</b></p><p><b>code</b>: MessageHeader</p><p><b>profile</b>: <a href=\"https://fhir.nhs.uk/R4/StructureDefinition/Spine-MessageHeader\">https://fhir.nhs.uk/R4/StructureDefinition/Spine-MessageHeader</a></p><p><b>min</b>: 1</p><p><b>max</b>: 1</p></blockquote><blockquote><p><b>focus</b></p><p><b>code</b>: MedicationRequest</p><p><b>profile</b>: <a href=\"https://fhir.nhs.uk/R4/StructureDefinition/DM-MedicationRequest\">https://fhir.nhs.uk/R4/StructureDefinition/DM-MedicationRequest</a></p><p><b>min</b>: 1</p><p><b>max</b>: 4</p></blockquote><blockquote><p><b>focus</b></p><p><b>code</b>: Patient</p><p><b>profile</b>: <a href=\"https://fhir.nhs.uk/R4/StructureDefinition/DM-Patient\">https://fhir.nhs.uk/R4/StructureDefinition/DM-Patient</a></p><p><b>min</b>: 1</p><p><b>max</b>: 1</p></blockquote><blockquote><p><b>focus</b></p><p><b>code</b>: Provenance</p><p><b>min</b>: 0</p><p><b>max</b>: 1</p></blockquote><blockquote><p><b>focus</b></p><p><b>code</b>: Practitioner</p><p><b>profile</b>: <a href=\"https://fhir.nhs.uk/R4/StructureDefinition/Spine-Practitioner\">https://fhir.nhs.uk/R4/StructureDefinition/Spine-Practitioner</a></p><p><b>min</b>: 1</p><p><b>max</b>: *</p></blockquote><blockquote><p><b>focus</b></p><p><b>code</b>: PractitionerRole</p><p><b>profile</b>: <a href=\"https://fhir.nhs.uk/R4/StructureDefinition/Spine-PractitionerRole\">https://fhir.nhs.uk/R4/StructureDefinition/Spine-PractitionerRole</a></p><p><b>min</b>: 1</p><p><b>max</b>: *</p></blockquote><blockquote><p><b>focus</b></p><p><b>code</b>: Organization</p><p><b>profile</b>: <a href=\"https://fhir.nhs.uk/R4/StructureDefinition/Spine-Organization\">https://fhir.nhs.uk/R4/StructureDefinition/Spine-Organization</a></p><p><b>min</b>: 1</p><p><b>max</b>: *</p></blockquote></div>"
  },
  "url": "https://fhir.nhs.uk/R4/MessageDefinition/prescription-order",
  "identifier": [
    {
      "system": "https://tools.ietf.org/html/rfc4122",
      "value": "c81b88dc-760e-4b1e-9cdb-c5f853630664"
    }
  ],
  "version": "4.0.0",
  "title": "Pharmacy/Treatment Order",
  "status": "active",
  "date": "2020-05-27",
  "publisher": "gmdigitialplatforms.nhs.uk",
  "contact": [
    {
      "telecom": [
        {
          "system": "email",
          "value": "mailto:kevin.mayfield1@nhs.net"
        }
      ]
    }
  ],
  "jurisdiction": [
    {
      "coding": [
        {
          "system": "http://unstats.un.org/unsd/methods/m49/m49.htm",
          "code": "826"
        }
      ]
    }
  ],
  "eventCoding": {
    "system": "https://fhir.nhs.uk/R4/CodeSystem/message-event",
    "code": "prescription-order",
    "display": "Prescription Order"
  },
  "category": "consequence",
  "focus": [
    {
      "code": "MessageHeader",
      "profile": "https://fhir.nhs.uk/R4/StructureDefinition/Spine-MessageHeader",
      "min": 1,
      "max": "1"
    },
    {
      "code": "MedicationRequest",
      "profile": "https://fhir.nhs.uk/R4/StructureDefinition/DM-MedicationRequest",
      "min": 1,
      "max": "4"
    },
    {
      "code": "Patient",
      "profile": "https://fhir.nhs.uk/R4/StructureDefinition/DM-Patient",
      "min": 1,
      "max": "1"
    },
    {
      "code": "Provenance",
      "min": 0,
      "max": "1"
    },
    {
      "code": "Practitioner",
      "profile": "https://fhir.nhs.uk/R4/StructureDefinition/Spine-Practitioner",
      "min": 1,
      "max": "*"
    },
    {
      "code": "PractitionerRole",
      "profile": "https://fhir.nhs.uk/R4/StructureDefinition/Spine-PractitionerRole",
      "min": 1,
      "max": "*"
    },
    {
      "code": "Organization",
      "profile": "https://fhir.nhs.uk/R4/StructureDefinition/Spine-Organization",
      "min": 1,
      "max": "*"
    }
  ]
}